status,type_of_facility,county,beds_ready_to_accept_patients,patients_in_beds,beds_in_warm_status,date
Ready,Federal Medical Station,Los Angeles,175.0,0,,2020-04-23
Ready,Ship,Los Angeles,250.0,14,,2020-04-23
Ready,Skilled Nursing Facility,Riverside,99.0,0,,2020-04-23
Ready,Federal Medical Station,Butte,107.0,0,,2020-04-23
Ready,Alternative Care Facility,San Mateo,100.0,0,,2020-04-23
Ready,Skilled Nursing Facility,San Francisco,11.0,0,,2020-04-23
TBD,Alternative Care Facility,Tulare,0.0,0,,2020-04-23
WrapAround,Federal Medical Station,San Mateo,0.0,0,,2020-04-23
TBD,Skilled Nursing Facility,Humboldt,0.0,0,,2020-04-23
TBD,Skilled Nursing Facility,Sacramento,0.0,0,,2020-04-23
WrapAround,Alternative Care Facility,San Francisco,0.0,0,,2020-04-23
Pending ,Hospital,San Diego,0.0,0,,2020-04-23
Ready,Hospital,Los Angeles,32.0,16,,2020-04-23
WrapAround,Federal Medical Station,Riverside,0.0,0,,2020-04-23
Ready,Federal Medical Station,Santa Clara,250.0,8,,2020-04-23
Ready,Alternative Care Facility,Orange,100.0,0,,2020-04-23
Ready,Arena,Sacramento,328.0,0,,2020-04-23
Ready,Federal Medical Station,Fresno,125.0,0,,2020-04-23
WrapAround,Federal Medical Station,Shasta,0.0,0,,2020-04-23
Ready,Hospital,San Mateo,120.0,10,,2020-04-23
Ready,Federal Medical Station,Contra Costa,250.0,0,,2020-04-23
Ready,Federal Medical Station,Riverside,125.0,0,,2020-04-23
WrapAround,Alternative Care Facility,Tulare,33.0,0,,2020-04-23
TBD,Alternative Care Facility,Orange,0.0,0,,2020-04-23
WrapAround,Alternative Care Facility,Tulare,33.0,0,,2020-04-24
Ready,Federal Medical Station,Los Angeles,175.0,0,,2020-04-24
Ready,Federal Medical Station,Santa Clara,250.0,8,,2020-04-24
Ready,Federal Medical Station,Butte,107.0,0,,2020-04-24
Ready,Alternative Care Facility,San Mateo,100.0,0,,2020-04-24
Ready,Skilled Nursing Facility,Riverside,99.0,0,,2020-04-24
TBD,Skilled Nursing Facility,Humboldt,0.0,0,,2020-04-24
Ready,Federal Medical Station,Contra Costa,250.0,0,,2020-04-24
TBD,Skilled Nursing Facility,Sacramento,0.0,0,,2020-04-24
Ready,Hospital,San Mateo,120.0,10,,2020-04-24
Ready,Skilled Nursing Facility,San Francisco,11.0,0,,2020-04-24
Ready,Skilled Nursing Facility,Tulare,0.0,0,,2020-04-24
Ready,Skilled Nursing Facility,Orange,75.0,0,,2020-04-24
Ready,Alternative Care Facility,Orange,25.0,0,,2020-04-24
Ready,Ship,Los Angeles,250.0,8,,2020-04-24
WrapAround,Federal Medical Station,San Mateo,0.0,0,,2020-04-24
WrapAround,Federal Medical Station,Shasta,0.0,0,,2020-04-24
Ready,Hospital,Los Angeles,32.0,18,,2020-04-24
WrapAround,Federal Medical Station,Riverside,0.0,0,,2020-04-24
Ready,Federal Medical Station,Fresno,125.0,0,,2020-04-24
WrapAround,Alternative Care Facility,San Francisco,0.0,0,,2020-04-24
Pending ,Hospital,San Diego,0.0,0,,2020-04-24
Ready,Federal Medical Station,Riverside,125.0,0,,2020-04-24
TBD,Alternative Care Facility,Orange,0.0,0,,2020-04-24
Ready,Arena,Sacramento,328.0,0,,2020-04-24
TBD,Skilled Nursing Facility,Sacramento,0.0,0,,2020-04-25
Ready,Federal Medical Station,Fresno,125.0,0,,2020-04-25
WrapAround,Federal Medical Station,Shasta,0.0,0,,2020-04-25
Ready,Ship,Los Angeles,250.0,6,,2020-04-25
WrapAround,Alternative Care Facility,San Francisco,0.0,0,,2020-04-25
TBD,Skilled Nursing Facility,Humboldt,0.0,0,,2020-04-25
Ready,Alternative Care Facility,San Mateo,100.0,0,,2020-04-25
Ready,Alternative Care Facility,Orange,25.0,1,,2020-04-25
TBD,Alternative Care Facility,Orange,0.0,0,,2020-04-25
Ready,Federal Medical Station,Contra Costa,250.0,0,,2020-04-25
Ready,Skilled Nursing Facility,Riverside,99.0,0,,2020-04-25
Ready,Skilled Nursing Facility,Tulare,0.0,0,,2020-04-25
WrapAround,Federal Medical Station,San Mateo,0.0,0,,2020-04-25
Ready,Arena,Sacramento,328.0,0,,2020-04-25
Ready,Federal Medical Station,Riverside,125.0,0,,2020-04-25
Ready,Skilled Nursing Facility,San Francisco,11.0,0,,2020-04-25
WrapAround,Alternative Care Facility,Tulare,33.0,0,,2020-04-25
Ready,Federal Medical Station,Butte,107.0,0,,2020-04-25
WrapAround,Federal Medical Station,Riverside,0.0,0,,2020-04-25
Ready,Hospital,Los Angeles,32.0,18,,2020-04-25
Ready,Skilled Nursing Facility,Orange,75.0,0,,2020-04-25
Ready,Federal Medical Station,Santa Clara,250.0,8,,2020-04-25
Ready,Federal Medical Station,Los Angeles,175.0,0,,2020-04-25
Pending ,Hospital,San Diego,0.0,0,,2020-04-25
Ready,Hospital,San Mateo,120.0,10,,2020-04-25
Ready,Skilled Nursing Facility,Orange,75.0,0,,2020-04-26
TBD,Skilled Nursing Facility,Humboldt,0.0,0,,2020-04-26
Ready,Hospital,San Mateo,120.0,16,,2020-04-26
Ready,Federal Medical Station,Contra Costa,250.0,0,,2020-04-26
Ready,Alternative Care Facility,San Mateo,100.0,0,,2020-04-26
TBD,Skilled Nursing Facility,Sacramento,0.0,0,,2020-04-26
WrapAround,Alternative Care Facility,San Francisco,0.0,0,,2020-04-26
Ready,Ship,Los Angeles,250.0,6,,2020-04-26
WrapAround,Alternative Care Facility,Tulare,33.0,0,,2020-04-26
WrapAround,Federal Medical Station,Shasta,0.0,0,,2020-04-26
WrapAround,Federal Medical Station,San Mateo,0.0,0,,2020-04-26
Ready,Federal Medical Station,Santa Clara,250.0,7,,2020-04-26
Ready,Federal Medical Station,Riverside,125.0,0,,2020-04-26
TBD,Alternative Care Facility,Orange,0.0,0,,2020-04-26
Ready,Alternative Care Facility,Orange,25.0,3,,2020-04-26
Ready,Federal Medical Station,Los Angeles,175.0,0,,2020-04-26
Ready,Federal Medical Station,Butte,107.0,0,,2020-04-26
Ready,Hospital,Los Angeles,32.0,18,,2020-04-26
Pending ,Hospital,San Diego,0.0,0,,2020-04-26
Ready,Arena,Sacramento,328.0,0,,2020-04-26
Ready,Skilled Nursing Facility,San Francisco,11.0,0,,2020-04-26
Ready,Skilled Nursing Facility,Tulare,0.0,0,,2020-04-26
Ready,Federal Medical Station,Fresno,125.0,0,,2020-04-26
WrapAround,Federal Medical Station,Riverside,0.0,0,,2020-04-26
Ready,Skilled Nursing Facility,Riverside,99.0,0,,2020-04-26
Ready,Hospital,San Mateo,120.0,14,,2020-04-27
WrapAround,Federal Medical Station,Shasta,0.0,0,,2020-04-27
Ready,Federal Medical Station,Santa Clara,250.0,7,,2020-04-27
Ready,Arena,Sacramento,328.0,0,,2020-04-27
Ready,Federal Medical Station,Butte,107.0,0,,2020-04-27
Ready,Skilled Nursing Facility,Riverside,99.0,0,,2020-04-27
TBD,Alternative Care Facility,Orange,0.0,0,,2020-04-27
Ready,Alternative Care Facility,San Mateo,100.0,0,,2020-04-27
Ready,Skilled Nursing Facility,San Francisco,11.0,0,,2020-04-27
TBD,Skilled Nursing Facility,Humboldt,0.0,0,,2020-04-27
Ready,Federal Medical Station,Los Angeles,175.0,0,,2020-04-27
WrapAround,Federal Medical Station,Riverside,0.0,0,,2020-04-27
Ready,Skilled Nursing Facility,Orange,75.0,0,,2020-04-27
WrapAround,Alternative Care Facility,San Francisco,0.0,0,,2020-04-27
Ready,Federal Medical Station,Contra Costa,250.0,0,,2020-04-27
TBD,Skilled Nursing Facility,Sacramento,0.0,0,,2020-04-27
Ready,Alternative Care Facility,Orange,25.0,3,,2020-04-27
Pending ,Hospital,San Diego,0.0,0,,2020-04-27
Ready,Hospital,Los Angeles,32.0,20,,2020-04-27
WrapAround,Alternative Care Facility,Tulare,33.0,0,,2020-04-27
Ready,Ship,Los Angeles,250.0,5,,2020-04-27
Ready,Skilled Nursing Facility,Tulare,0.0,0,,2020-04-27
Ready,Federal Medical Station,Riverside,125.0,0,,2020-04-27
Ready,Federal Medical Station,Fresno,125.0,0,,2020-04-27
WrapAround,Federal Medical Station,San Mateo,0.0,0,,2020-04-27
Ready,Hospital,Los Angeles,32.0,19,,2020-04-28
WrapAround,Alternative Care Facility,Tulare,33.0,0,,2020-04-28
Ready,Federal Medical Station,Santa Clara,250.0,7,,2020-04-28
Ready,Federal Medical Station,Butte,107.0,0,,2020-04-28
WrapAround,Federal Medical Station,Riverside,0.0,0,,2020-04-28
Ready,Alternative Care Facility,San Mateo,100.0,0,,2020-04-28
Ready,Ship,Los Angeles,250.0,4,,2020-04-28
Ready,Arena,Sacramento,328.0,0,,2020-04-28
Ready,Skilled Nursing Facility,Riverside,99.0,0,,2020-04-28
Ready,Federal Medical Station,Fresno,125.0,0,,2020-04-28
Ready,Federal Medical Station,Los Angeles,175.0,0,,2020-04-28
Pending ,Hospital,San Diego,0.0,0,,2020-04-28
Ready,Hospital,San Mateo,120.0,14,,2020-04-28
WrapAround,Federal Medical Station,Shasta,0.0,0,,2020-04-28
Ready,Federal Medical Station,Riverside,125.0,0,,2020-04-28
Ready,Federal Medical Station,Contra Costa,250.0,0,,2020-04-28
Ready,Skilled Nursing Facility,Orange,75.0,0,,2020-04-28
TBD,Alternative Care Facility,Orange,0.0,0,,2020-04-28
Ready,Skilled Nursing Facility,San Francisco,11.0,0,,2020-04-28
Ready,Alternative Care Facility,Orange,25.0,3,,2020-04-28
TBD,Skilled Nursing Facility,Sacramento,0.0,0,,2020-04-28
Ready,Skilled Nursing Facility,Tulare,0.0,0,,2020-04-28
TBD,Skilled Nursing Facility,Humboldt,0.0,0,,2020-04-28
WrapAround,Alternative Care Facility,San Francisco,0.0,0,,2020-04-28
WrapAround,Federal Medical Station,San Mateo,0.0,0,,2020-04-28
TBD,Skilled Nursing Facility,Sacramento,0.0,0,,2020-04-29
Ready,Skilled Nursing Facility,Tulare,0.0,0,,2020-04-29
WrapAround,Alternative Care Facility,San Francisco,0.0,0,,2020-04-29
TBD,Alternative Care Facility,Orange,0.0,0,,2020-04-29
Ready,Hospital,San Mateo,120.0,11,,2020-04-29
Ready,Skilled Nursing Facility,Riverside,99.0,0,,2020-04-29
WrapAround,Federal Medical Station,Shasta,0.0,0,,2020-04-29
Ready,Federal Medical Station,Contra Costa,250.0,0,,2020-04-29
Pending ,Hospital,San Diego,0.0,0,,2020-04-29
WrapAround,Alternative Care Facility,Tulare,33.0,0,,2020-04-29
Ready,Federal Medical Station,Butte,107.0,0,,2020-04-29
Ready,Arena,Sacramento,328.0,0,,2020-04-29
Ready,Federal Medical Station,Santa Clara,250.0,0,,2020-04-29
Ready,Federal Medical Station,Fresno,125.0,0,,2020-04-29
Ready,Federal Medical Station,Los Angeles,175.0,0,,2020-04-29
WrapAround,Federal Medical Station,San Mateo,0.0,0,,2020-04-29
Ready,Skilled Nursing Facility,San Francisco,11.0,0,,2020-04-29
Ready,Alternative Care Facility,Orange,25.0,3,,2020-04-29
Ready,Skilled Nursing Facility,Orange,75.0,0,,2020-04-29
Ready,Ship,Los Angeles,250.0,6,,2020-04-29
Ready,Alternative Care Facility,San Mateo,100.0,0,,2020-04-29
TBD,Skilled Nursing Facility,Humboldt,0.0,0,,2020-04-29
Ready,Federal Medical Station,Riverside,125.0,0,,2020-04-29
WrapAround,Federal Medical Station,Riverside,0.0,0,,2020-04-29
Ready,Hospital,Los Angeles,32.0,19,,2020-04-29
Ready,Federal Medical Station,Contra Costa,250.0,0,,2020-04-30
TBD,Alternative Care Facility,Orange,0.0,0,,2020-04-30
Ready,Alternative Care Facility,Orange,25.0,4,,2020-04-30
TBD,Skilled Nursing Facility,Humboldt,0.0,0,,2020-04-30
Pending ,Hospital,San Diego,0.0,0,,2020-04-30
Ready,Skilled Nursing Facility,Tulare,0.0,0,,2020-04-30
Ready,Hospital,Los Angeles,32.0,19,,2020-04-30
Ready,Federal Medical Station,Santa Clara,250.0,0,,2020-04-30
WrapAround,Federal Medical Station,Shasta,0.0,0,,2020-04-30
Ready,Federal Medical Station,Riverside,125.0,0,,2020-04-30
TBD,Skilled Nursing Facility,Sacramento,0.0,0,,2020-04-30
WrapAround,Federal Medical Station,San Mateo,0.0,0,,2020-04-30
Ready,Federal Medical Station,Fresno,125.0,0,,2020-04-30
Ready,Hospital,San Mateo,120.0,12,,2020-04-30
WrapAround,Alternative Care Facility,San Francisco,0.0,0,,2020-04-30
Ready,Arena,Sacramento,328.0,0,,2020-04-30
Ready,Skilled Nursing Facility,San Francisco,11.0,0,,2020-04-30
WrapAround,Federal Medical Station,Riverside,0.0,0,,2020-04-30
Ready,Skilled Nursing Facility,Orange,75.0,0,,2020-04-30
Ready,Alternative Care Facility,San Mateo,100.0,0,,2020-04-30
Ready,Federal Medical Station,Los Angeles,175.0,0,,2020-04-30
WrapAround,Alternative Care Facility,Tulare,33.0,0,,2020-04-30
Ready,Ship,Los Angeles,250.0,9,,2020-04-30
Ready,Federal Medical Station,Butte,107.0,0,,2020-04-30
Ready,Skilled Nursing Facility,Riverside,99.0,0,,2020-04-30
WrapAround,Federal Medical Station,Shasta,0.0,0,,2020-05-01
Ready,Arena,Sacramento,328.0,1,,2020-05-01
TBD,Skilled Nursing Facility,Humboldt,0.0,0,,2020-05-01
Ready,Skilled Nursing Facility,Riverside,99.0,0,,2020-05-01
WrapAround,Federal Medical Station,San Mateo,0.0,0,,2020-05-01
Ready,Ship,Los Angeles,250.0,7,,2020-05-01
Ready,Skilled Nursing Facility,Tulare,0.0,0,,2020-05-01
Ready,Hospital,Los Angeles,32.0,20,,2020-05-01
Ready,Alternative Care Facility,San Mateo,100.0,0,,2020-05-01
Ready,Skilled Nursing Facility,San Francisco,11.0,0,,2020-05-01
Ready,Federal Medical Station,Riverside,125.0,0,,2020-05-01
Ready,Skilled Nursing Facility,Orange,75.0,0,,2020-05-01
Ready,Federal Medical Station,Butte,107.0,0,,2020-05-01
TBD,Skilled Nursing Facility,Sacramento,0.0,0,,2020-05-01
WrapAround,Alternative Care Facility,San Francisco,0.0,0,,2020-05-01
WrapAround,Federal Medical Station,Riverside,0.0,0,,2020-05-01
WrapAround,Alternative Care Facility,Tulare,33.0,0,,2020-05-01
Pending ,Hospital,San Diego,0.0,0,,2020-05-01
Ready,Alternative Care Facility,Orange,25.0,4,,2020-05-01
TBD,Alternative Care Facility,Orange,0.0,0,,2020-05-01
Ready,Hospital,San Mateo,120.0,11,,2020-05-01
Ready,Federal Medical Station,Contra Costa,250.0,0,,2020-05-01
Ready,Federal Medical Station,Santa Clara,250.0,0,,2020-05-01
Ready,Federal Medical Station,Fresno,125.0,0,,2020-05-01
Ready,Federal Medical Station,Los Angeles,175.0,0,,2020-05-01
WrapAround,Federal Medical Station,Riverside,0.0,0,,2020-05-02
Ready,Hospital,San Mateo,120.0,11,,2020-05-02
Ready,Alternative Care Facility,San Mateo,100.0,0,,2020-05-02
TBD,Skilled Nursing Facility,Humboldt,0.0,0,,2020-05-02
WrapAround,Alternative Care Facility,San Francisco,0.0,0,,2020-05-02
Ready,Hospital,Los Angeles,32.0,20,,2020-05-02
Ready,Skilled Nursing Facility,Tulare,0.0,0,,2020-05-02
WrapAround,Federal Medical Station,San Mateo,0.0,0,,2020-05-02
Ready,Federal Medical Station,Los Angeles,175.0,0,,2020-05-02
Ready,Federal Medical Station,Fresno,125.0,0,,2020-05-02
Ready,Arena,Sacramento,328.0,1,,2020-05-02
Ready,Federal Medical Station,Butte,107.0,0,,2020-05-02
TBD,Skilled Nursing Facility,Sacramento,0.0,0,,2020-05-02
TBD,Alternative Care Facility,Orange,0.0,0,,2020-05-02
Ready,Federal Medical Station,Riverside,125.0,0,,2020-05-02
Ready,Ship,Los Angeles,250.0,7,,2020-05-02
Ready,Federal Medical Station,Contra Costa,250.0,0,,2020-05-02
Ready,Alternative Care Facility,Orange,25.0,5,,2020-05-02
Ready,Skilled Nursing Facility,Riverside,99.0,0,,2020-05-02
Ready,Skilled Nursing Facility,Orange,75.0,0,,2020-05-02
WrapAround,Alternative Care Facility,Tulare,33.0,0,,2020-05-02
Pending ,Hospital,San Diego,0.0,0,,2020-05-02
Ready,Federal Medical Station,Santa Clara,250.0,0,,2020-05-02
Ready,Skilled Nursing Facility,San Francisco,11.0,0,,2020-05-02
WrapAround,Federal Medical Station,Shasta,0.0,0,,2020-05-02
WrapAround,Federal Medical Station,San Mateo,0.0,0,,2020-05-03
Ready,Alternative Care Facility,Orange,25.0,7,,2020-05-03
TBD,Skilled Nursing Facility,Sacramento,0.0,0,,2020-05-03
Ready,Ship,Los Angeles,250.0,7,,2020-05-03
Ready,Skilled Nursing Facility,Orange,75.0,0,,2020-05-03
Ready,Federal Medical Station,Los Angeles,175.0,0,,2020-05-03
Ready,Skilled Nursing Facility,Riverside,99.0,0,,2020-05-03
Ready,Federal Medical Station,Riverside,125.0,0,,2020-05-03
TBD,Alternative Care Facility,Orange,0.0,0,,2020-05-03
Ready,Alternative Care Facility,San Mateo,100.0,0,,2020-05-03
Ready,Skilled Nursing Facility,San Francisco,11.0,0,,2020-05-03
TBD,Skilled Nursing Facility,Humboldt,0.0,0,,2020-05-03
WrapAround,Alternative Care Facility,San Francisco,0.0,0,,2020-05-03
Pending ,Hospital,San Diego,0.0,0,,2020-05-03
WrapAround,Alternative Care Facility,Tulare,33.0,0,,2020-05-03
WrapAround,Federal Medical Station,Riverside,0.0,0,,2020-05-03
Ready,Federal Medical Station,Butte,107.0,0,,2020-05-03
Ready,Skilled Nursing Facility,Tulare,0.0,0,,2020-05-03
Ready,Federal Medical Station,Fresno,125.0,0,,2020-05-03
Ready,Arena,Sacramento,328.0,6,,2020-05-03
Ready,Federal Medical Station,Contra Costa,250.0,0,,2020-05-03
Ready,Hospital,San Mateo,120.0,15,,2020-05-03
Ready,Federal Medical Station,Santa Clara,250.0,0,,2020-05-03
Ready,Hospital,Los Angeles,32.0,20,,2020-05-03
WrapAround,Federal Medical Station,Shasta,0.0,0,,2020-05-03
Pending ,Hospital,San Diego,0.0,0,,2020-05-04
TBD,Skilled Nursing Facility,Humboldt,0.0,0,,2020-05-04
WrapAround,Alternative Care Facility,San Francisco,0.0,0,,2020-05-04
TBD,Skilled Nursing Facility,Sacramento,0.0,0,,2020-05-04
Ready,Skilled Nursing Facility,San Francisco,11.0,0,,2020-05-04
Ready,Skilled Nursing Facility,Orange,75.0,0,,2020-05-04
Ready,Hospital,San Mateo,120.0,15,,2020-05-04
WrapAround,Federal Medical Station,Riverside,0.0,0,,2020-05-04
Ready,Federal Medical Station,Los Angeles,175.0,0,,2020-05-04
Ready,Skilled Nursing Facility,Riverside,99.0,0,,2020-05-04
Ready,Federal Medical Station,Contra Costa,250.0,0,,2020-05-04
Ready,Alternative Care Facility,Orange,25.0,9,,2020-05-04
Ready,Skilled Nursing Facility,Tulare,0.0,0,,2020-05-04
WrapAround,Alternative Care Facility,Tulare,33.0,0,,2020-05-04
TBD,Alternative Care Facility,Orange,0.0,0,,2020-05-04
Ready,Alternative Care Facility,San Mateo,100.0,0,,2020-05-04
WrapAround,Federal Medical Station,Shasta,0.0,0,,2020-05-04
Ready,Federal Medical Station,Riverside,125.0,0,,2020-05-04
Ready,Ship,Los Angeles,250.0,7,,2020-05-04
Ready,Federal Medical Station,Santa Clara,250.0,0,,2020-05-04
Ready,Hospital,Los Angeles,32.0,16,,2020-05-04
Ready,Federal Medical Station,Butte,107.0,0,,2020-05-04
Ready,Arena,Sacramento,328.0,6,,2020-05-04
Ready,Federal Medical Station,Fresno,125.0,0,,2020-05-04
WrapAround,Federal Medical Station,San Mateo,0.0,0,,2020-05-04
Ready,Alternative Care Facility,Tulare,33.0,0,,2020-05-05
Pending ,Hospital,San Diego,0.0,0,,2020-05-05
Ready,Federal Medical Station,Fresno,125.0,0,,2020-05-05
WARM Status,Skilled Nursing Facility,Tulare,0.0,0,,2020-05-05
Ready,Hospital,San Mateo,120.0,17,,2020-05-05
Ready,Skilled Nursing Facility,San Francisco,11.0,0,,2020-05-05
Ready,Federal Medical Station,Los Angeles,175.0,0,,2020-05-05
WARM Status,Federal Medical Station,Shasta,0.0,0,,2020-05-05
Ready,Federal Medical Station,Riverside,250.0,0,,2020-05-05
WARM Status,Alternative Care Facility,Orange,0.0,0,,2020-05-05
Ready,Skilled Nursing Facility,Orange,75.0,0,,2020-05-05
Ready,Skilled Nursing Facility,Riverside,99.0,0,,2020-05-05
Ready,Arena,Sacramento,320.0,5,,2020-05-05
Ready,Federal Medical Station,San Diego,200.0,0,,2020-05-05
Ready,Federal Medical Station,Contra Costa,250.0,0,,2020-05-05
Ready,Federal Medical Station,San Mateo,0.0,0,,2020-05-05
WARM Status,Federal Medical Station,Santa Clara,250.0,0,,2020-05-05
Ready,Ship,Los Angeles,250.0,2,,2020-05-05
Ready,Hospital,Los Angeles,32.0,19,,2020-05-05
WrapAround,Alternative Care Facility,San Francisco,0.0,0,,2020-05-05
TBD,Skilled Nursing Facility,Sacramento,0.0,0,,2020-05-05
TBD,Skilled Nursing Facility,Humboldt,0.0,0,,2020-05-05
Ready,Alternative Care Facility,Orange,25.0,9,,2020-05-05
Ready,Federal Medical Station,Butte,125.0,0,,2020-05-05
WARM Status,Federal Medical Station,Santa Clara,0.0,0,,2020-05-06
Ready,Federal Medical Station,Riverside,250.0,0,,2020-05-06
Ready,Federal Medical Station,Fresno,125.0,0,,2020-05-06
Ready,Hospital,Los Angeles,32.0,20,,2020-05-06
Ready,Alternative Care Facility,Tulare,10.0,0,,2020-05-06
Ready,Federal Medical Station,Contra Costa,250.0,0,,2020-05-06
Ready,Alternative Care Facility,Orange,25.0,9,,2020-05-06
Ready,Hospital,San Mateo,120.0,18,,2020-05-06
Ready,Skilled Nursing Facility,Orange,100.0,0,,2020-05-06
Ready,Federal Medical Station,San Diego,200.0,0,,2020-05-06
Ready,Skilled Nursing Facility,San Francisco,11.0,0,,2020-05-06
Ready,Skilled Nursing Facility,Riverside,99.0,0,,2020-05-06
WARM Status,Alternative Care Facility,Orange,0.0,0,,2020-05-06
Ready,Federal Medical Station,San Mateo,250.0,0,,2020-05-06
Ready,Federal Medical Station,Los Angeles,175.0,0,,2020-05-06
WARM Status,Federal Medical Station,Shasta,0.0,0,,2020-05-06
WARM Status,Skilled Nursing Facility,Tulare,0.0,0,,2020-05-06
Ready,Arena,Sacramento,320.0,5,,2020-05-06
Ready,Federal Medical Station,Butte,125.0,0,,2020-05-06
Ready,Alternative Care Facility,Orange,25.0,9,,2020-05-07
Ready,Arena,Sacramento,320.0,5,,2020-05-07
WARM Status,Skilled Nursing Facility,Tulare,0.0,0,,2020-05-07
Ready,Federal Medical Station,Butte,125.0,0,,2020-05-07
Ready,Federal Medical Station,Riverside,250.0,0,,2020-05-07
WARM Status,Federal Medical Station,Santa Clara,0.0,0,,2020-05-07
Ready,Federal Medical Station,San Diego,200.0,0,,2020-05-07
WARM Status,Alternative Care Facility,Orange,0.0,0,,2020-05-07
Ready,Federal Medical Station,Los Angeles,175.0,0,,2020-05-07
Ready,Alternative Care Facility,Tulare,10.0,0,,2020-05-07
Ready,Hospital,Los Angeles,32.0,22,,2020-05-07
Ready,Skilled Nursing Facility,San Francisco,11.0,0,,2020-05-07
Ready,Hospital,San Mateo,120.0,17,,2020-05-07
Ready,Skilled Nursing Facility,Riverside,99.0,0,,2020-05-07
Ready,Federal Medical Station,San Mateo,250.0,0,,2020-05-07
Ready,Federal Medical Station,Contra Costa,250.0,0,,2020-05-07
WARM Status,Federal Medical Station,Shasta,0.0,0,,2020-05-07
Ready,Skilled Nursing Facility,Orange,100.0,0,,2020-05-07
Ready,Federal Medical Station,Fresno,125.0,0,,2020-05-07
Ready,Federal Medical Station,Los Angeles,175.0,0,,2020-05-08
Ready,Hospital,Los Angeles,32.0,21,,2020-05-08
WARM Status,Alternative Care Facility,Orange,0.0,0,,2020-05-08
Ready,Skilled Nursing Facility,Orange,100.0,0,,2020-05-08
Ready,Federal Medical Station,Contra Costa,250.0,0,,2020-05-08
Ready,Skilled Nursing Facility,Riverside,99.0,0,,2020-05-08
WARM Status,Federal Medical Station,Shasta,0.0,0,,2020-05-08
Ready,Alternative Care Facility,Orange,25.0,10,,2020-05-08
WARM Status,Federal Medical Station,Santa Clara,0.0,0,,2020-05-08
Ready,Federal Medical Station,Riverside,250.0,0,,2020-05-08
Ready,Hospital,San Mateo,120.0,14,,2020-05-08
Ready,Arena,Sacramento,320.0,6,,2020-05-08
Ready,Federal Medical Station,San Diego,200.0,0,,2020-05-08
Ready,Skilled Nursing Facility,San Francisco,11.0,0,,2020-05-08
Ready,Federal Medical Station,Butte,125.0,0,,2020-05-08
WARM Status,Skilled Nursing Facility,Tulare,0.0,0,,2020-05-08
Ready,Federal Medical Station,Fresno,125.0,0,,2020-05-08
Ready,Federal Medical Station,San Mateo,250.0,0,,2020-05-08
Ready,Alternative Care Facility,Tulare,10.0,0,,2020-05-08
WARM Status,Alternative Care Facility,Orange,0.0,0,,2020-05-09
Ready,Hospital,San Mateo,120.0,12,,2020-05-09
Ready,Federal Medical Station,Los Angeles,175.0,0,,2020-05-09
Ready,Federal Medical Station,San Mateo,250.0,0,,2020-05-09
Ready,Hospital,Los Angeles,32.0,21,,2020-05-09
Ready,Federal Medical Station,Riverside,250.0,0,,2020-05-09
Ready,Federal Medical Station,Butte,125.0,0,,2020-05-09
Ready,Alternative Care Facility,Orange,25.0,10,,2020-05-09
Ready,Arena,Sacramento,320.0,6,,2020-05-09
WARM Status,Federal Medical Station,Santa Clara,0.0,0,,2020-05-09
Ready,Skilled Nursing Facility,Riverside,99.0,0,,2020-05-09
Ready,Federal Medical Station,Contra Costa,250.0,0,,2020-05-09
Ready,Skilled Nursing Facility,Orange,100.0,0,,2020-05-09
Ready,Federal Medical Station,San Diego,200.0,0,,2020-05-09
Ready,Skilled Nursing Facility,San Francisco,11.0,0,,2020-05-09
Ready,Alternative Care Facility,Tulare,10.0,0,,2020-05-09
WARM Status,Skilled Nursing Facility,Tulare,0.0,0,,2020-05-09
Ready,Federal Medical Station,Fresno,125.0,0,,2020-05-09
WARM Status,Federal Medical Station,Shasta,0.0,0,,2020-05-09
WARM Status,Federal Medical Station,Santa Clara,0.0,0,,2020-05-10
Ready,Federal Medical Station,Fresno,125.0,0,,2020-05-10
WARM Status,Federal Medical Station,Shasta,0.0,0,,2020-05-10
Ready,Federal Medical Station,Los Angeles,175.0,0,,2020-05-10
Ready,Arena,Sacramento,320.0,6,,2020-05-10
Ready,Federal Medical Station,Butte,125.0,0,,2020-05-10
Ready,Skilled Nursing Facility,San Francisco,11.0,0,,2020-05-10
WARM Status,Alternative Care Facility,Orange,0.0,0,,2020-05-10
Ready,Federal Medical Station,San Mateo,250.0,0,,2020-05-10
Ready,Alternative Care Facility,Tulare,10.0,0,,2020-05-10
Ready,Skilled Nursing Facility,Riverside,99.0,0,,2020-05-10
Ready,Federal Medical Station,Contra Costa,250.0,0,,2020-05-10
Ready,Alternative Care Facility,Orange,25.0,11,,2020-05-10
Ready,Federal Medical Station,San Diego,200.0,0,,2020-05-10
Ready,Hospital,Los Angeles,32.0,21,,2020-05-10
Ready,Hospital,San Mateo,120.0,10,,2020-05-10
Ready,Skilled Nursing Facility,Orange,100.0,0,,2020-05-10
Ready,Federal Medical Station,Riverside,250.0,0,,2020-05-10
WARM Status,Skilled Nursing Facility,Tulare,0.0,0,,2020-05-10
Ready,Federal Medical Station,San Mateo,250.0,0,,2020-05-11
Ready,Arena,Sacramento,320.0,6,,2020-05-11
Ready,Hospital,San Mateo,120.0,9,,2020-05-11
Ready,Federal Medical Station,Los Angeles,175.0,0,,2020-05-11
Ready,Alternative Care Facility,Tulare,10.0,0,,2020-05-11
Ready,Skilled Nursing Facility,San Francisco,11.0,0,,2020-05-11
Ready,Federal Medical Station,San Diego,200.0,0,,2020-05-11
Ready,Alternative Care Facility,Orange,25.0,11,,2020-05-11
WARM Status,Alternative Care Facility,Orange,0.0,0,,2020-05-11
Ready,Federal Medical Station,Contra Costa,250.0,0,,2020-05-11
WARM Status,Federal Medical Station,Shasta,0.0,0,,2020-05-11
WARM Status,Skilled Nursing Facility,Tulare,0.0,0,,2020-05-11
Ready,Skilled Nursing Facility,Riverside,99.0,0,,2020-05-11
WARM Status,Federal Medical Station,Santa Clara,0.0,0,,2020-05-11
Ready,Federal Medical Station,Fresno,125.0,0,,2020-05-11
Ready,Skilled Nursing Facility,Orange,100.0,0,,2020-05-11
Ready,Hospital,Los Angeles,32.0,23,,2020-05-11
Ready,Federal Medical Station,Butte,125.0,0,,2020-05-11
Ready,Federal Medical Station,Riverside,250.0,0,,2020-05-11
Ready,Federal Medical Station,Butte,125.0,0,,2020-05-12
WARM Status,Alternative Care Facility,Orange,0.0,0,,2020-05-12
Ready,Skilled Nursing Facility,Orange,100.0,0,,2020-05-12
Ready,Federal Medical Station,San Mateo,250.0,0,,2020-05-12
WARM Status,Federal Medical Station,Shasta,0.0,0,,2020-05-12
Ready,Federal Medical Station,Fresno,125.0,0,,2020-05-12
WARM Status,Federal Medical Station,Santa Clara,0.0,0,,2020-05-12
Ready,Arena,Sacramento,320.0,6,,2020-05-12
Ready,Federal Medical Station,San Diego,200.0,0,,2020-05-12
Ready,Federal Medical Station,Los Angeles,175.0,0,,2020-05-12
WARM Status,Skilled Nursing Facility,Tulare,0.0,0,,2020-05-12
Ready,Federal Medical Station,Riverside,250.0,0,,2020-05-12
Ready,Alternative Care Facility,Tulare,10.0,0,,2020-05-12
Ready,Skilled Nursing Facility,San Francisco,11.0,0,,2020-05-12
Ready,Hospital,Los Angeles,32.0,22,,2020-05-12
Ready,Alternative Care Facility,Orange,25.0,12,,2020-05-12
Ready,Federal Medical Station,Contra Costa,250.0,0,,2020-05-12
Ready,Skilled Nursing Facility,Riverside,99.0,0,,2020-05-12
Ready,Hospital,San Mateo,120.0,8,,2020-05-12
WARM Status,Federal Medical Station,Santa Clara,0.0,0,,2020-05-13
Ready,Federal Medical Station,San Diego,200.0,0,,2020-05-13
Ready,Hospital,Los Angeles,32.0,22,,2020-05-13
Ready,Skilled Nursing Facility,San Francisco,11.0,0,,2020-05-13
WARM Status,Alternative Care Facility,Orange,0.0,0,,2020-05-13
Ready,Federal Medical Station,Contra Costa,250.0,0,,2020-05-13
Ready,Hospital,San Mateo,120.0,9,,2020-05-13
Ready,Skilled Nursing Facility,Orange,100.0,0,,2020-05-13
Ready,Alternative Care Facility,Orange,25.0,9,,2020-05-13
Ready,Skilled Nursing Facility,Riverside,99.0,0,,2020-05-13
Ready,Federal Medical Station,San Mateo,250.0,0,,2020-05-13
Ready,Alternative Care Facility,Tulare,10.0,0,,2020-05-13
Ready,Federal Medical Station,Riverside,250.0,0,,2020-05-13
Ready,Federal Medical Station,Butte,125.0,0,,2020-05-13
Ready,Arena,Sacramento,320.0,6,,2020-05-13
WARM Status,Skilled Nursing Facility,Tulare,0.0,0,,2020-05-13
Ready,Federal Medical Station,Fresno,125.0,0,,2020-05-13
Ready,Federal Medical Station,Los Angeles,175.0,0,,2020-05-13
WARM Status,Federal Medical Station,Shasta,0.0,0,,2020-05-13
Ready,Federal Medical Station,San Diego,400.0,0,,2020-05-14
Ready,Skilled Nursing Facility,Orange,200.0,4,,2020-05-14
Ready,Federal Medical Station,San Mateo,500.0,0,,2020-05-14
Ready,Federal Medical Station,Los Angeles,350.0,0,,2020-05-14
WARM Status,Federal Medical Station,Santa Clara,0.0,0,,2020-05-14
WARM Status,Skilled Nursing Facility,Tulare,0.0,0,,2020-05-14
Ready,Arena,Sacramento,640.0,10,,2020-05-14
Ready,Alternative Care Facility,Tulare,20.0,2,,2020-05-14
Ready,Alternative Care Facility,Orange,50.0,18,,2020-05-14
WARM Status,Alternative Care Facility,Orange,0.0,4,,2020-05-14
Ready,Federal Medical Station,Fresno,250.0,0,,2020-05-14
WARM Status,Federal Medical Station,Shasta,0.0,0,,2020-05-14
Ready,Hospital,San Mateo,240.0,20,,2020-05-14
Ready,Federal Medical Station,Contra Costa,500.0,0,,2020-05-14
Ready,Skilled Nursing Facility,San Francisco,22.0,0,,2020-05-14
Ready,Hospital,Los Angeles,64.0,44,,2020-05-14
Ready,Federal Medical Station,Butte,250.0,0,,2020-05-14
Ready,Federal Medical Station,Riverside,500.0,0,,2020-05-14
Ready,Skilled Nursing Facility,Riverside,198.0,0,,2020-05-14
Ready,Skilled Nursing Facility,Orange,100.0,9,,2020-05-15
Ready,Skilled Nursing Facility,San Francisco,11.0,0,,2020-05-15
WARM Status,Federal Medical Station,Butte,0.0,0,,2020-05-15
Ready,Federal Medical Station,Los Angeles,175.0,0,,2020-05-15
Ready,Hospital,San Mateo,120.0,9,,2020-05-15
WARM Status,Alternative Care Facility,Orange,0.0,0,,2020-05-15
Ready,Alternative Care Facility,Orange,150.0,9,,2020-05-15
Ready,Federal Medical Station,San Diego,200.0,0,,2020-05-15
Ready,Arena,Sacramento,328.0,4,,2020-05-15
Ready,Hospital,Los Angeles,32.0,21,,2020-05-15
WARM Status,Federal Medical Station,Santa Clara,0.0,0,,2020-05-15
Ready,Federal Medical Station,Fresno,125.0,0,,2020-05-15
Ready,Federal Medical Station,Riverside,250.0,0,,2020-05-15
Ready,Skilled Nursing Facility,Riverside,99.0,0,,2020-05-15
WARM Status,Federal Medical Station,San Mateo,0.0,0,,2020-05-15
WARM Status,Federal Medical Station,Shasta,0.0,0,,2020-05-15
WARM Status,Skilled Nursing Facility,Tulare,0.0,0,,2020-05-15
Ready,Alternative Care Facility,Tulare,71.0,1,,2020-05-15
Ready,Federal Medical Station,Contra Costa,250.0,0,,2020-05-15
Ready,Federal Medical Station,Los Angeles,175.0,0,,2020-05-16
Ready,Skilled Nursing Facility,Orange,100.0,9,,2020-05-16
Ready,Alternative Care Facility,Orange,150.0,10,,2020-05-16
Ready,Federal Medical Station,San Diego,200.0,0,,2020-05-16
Ready,Hospital,Los Angeles,32.0,21,,2020-05-16
Ready,Alternative Care Facility,Tulare,71.0,1,,2020-05-16
WARM Status,Skilled Nursing Facility,Tulare,0.0,0,,2020-05-16
WARM Status,Federal Medical Station,Santa Clara,0.0,0,,2020-05-16
Ready,Federal Medical Station,Fresno,125.0,0,,2020-05-16
WARM Status,Federal Medical Station,San Mateo,0.0,0,,2020-05-16
WARM Status,Alternative Care Facility,Orange,0.0,0,,2020-05-16
Ready,Arena,Sacramento,328.0,4,,2020-05-16
WARM Status,Federal Medical Station,Butte,0.0,0,,2020-05-16
Ready,Federal Medical Station,Riverside,250.0,0,,2020-05-16
Ready,Skilled Nursing Facility,San Francisco,11.0,0,,2020-05-16
Ready,Federal Medical Station,Contra Costa,250.0,0,,2020-05-16
Ready,Hospital,San Mateo,120.0,7,,2020-05-16
Ready,Skilled Nursing Facility,Riverside,99.0,0,,2020-05-16
WARM Status,Federal Medical Station,Shasta,0.0,0,,2020-05-16
Ready,Skilled Nursing Facility,Riverside,198.0,0,,2020-05-17
Ready,Arena,Sacramento,656.0,8,,2020-05-17
WARM Status,Federal Medical Station,San Mateo,0.0,0,,2020-05-17
WARM Status,Federal Medical Station,Santa Clara,0.0,0,,2020-05-17
WARM Status,Skilled Nursing Facility,Tulare,0.0,0,,2020-05-17
Ready,Alternative Care Facility,Tulare,142.0,2,,2020-05-17
Ready,Hospital,Los Angeles,64.0,42,,2020-05-17
Ready,Skilled Nursing Facility,San Francisco,22.0,0,,2020-05-17
Ready,Federal Medical Station,Contra Costa,500.0,0,,2020-05-17
Ready,Hospital,San Mateo,240.0,18,,2020-05-17
Ready,Federal Medical Station,San Diego,400.0,0,,2020-05-17
Ready,Federal Medical Station,Los Angeles,350.0,0,,2020-05-17
WARM Status,Federal Medical Station,Shasta,0.0,0,,2020-05-17
Ready,Alternative Care Facility,Orange,300.0,14,,2020-05-17
Ready,Federal Medical Station,Fresno,250.0,0,,2020-05-17
WARM Status,Federal Medical Station,Butte,0.0,0,,2020-05-17
Ready,Federal Medical Station,Riverside,500.0,0,,2020-05-17
Ready,Skilled Nursing Facility,Orange,200.0,18,,2020-05-17
WARM Status,Alternative Care Facility,Orange,0.0,18,,2020-05-17
Ready,Alternative Care Facility,Orange,150.0,9,,2020-05-18
Ready,Federal Medical Station,San Diego,200.0,0,,2020-05-18
WARM Status,Alternative Care Facility,Orange,0.0,9,,2020-05-18
Ready,Hospital,San Mateo,120.0,10,,2020-05-18
Ready,Skilled Nursing Facility,Orange,100.0,9,,2020-05-18
Ready,Federal Medical Station,Riverside,250.0,0,,2020-05-18
WARM Status,Skilled Nursing Facility,Tulare,0.0,0,,2020-05-18
Ready,Federal Medical Station,Contra Costa,250.0,0,,2020-05-18
Ready,Skilled Nursing Facility,Riverside,99.0,0,,2020-05-18
Ready,Federal Medical Station,Los Angeles,175.0,0,,2020-05-18
Ready,Hospital,Los Angeles,32.0,21,,2020-05-18
Ready,Skilled Nursing Facility,San Francisco,11.0,0,,2020-05-18
Ready,Alternative Care Facility,Tulare,71.0,1,,2020-05-18
WARM Status,Federal Medical Station,Butte,0.0,0,,2020-05-18
Ready,Arena,Sacramento,328.0,4,,2020-05-18
WARM Status,Federal Medical Station,Santa Clara,0.0,0,,2020-05-18
WARM Status,Federal Medical Station,San Mateo,0.0,0,,2020-05-18
WARM Status,Federal Medical Station,Shasta,0.0,0,,2020-05-18
Ready,Federal Medical Station,Fresno,125.0,0,,2020-05-18
WARM Status,Alternative Care Facility,Orange,0.0,9,,2020-05-19
Ready,Skilled Nursing Facility,Riverside,99.0,0,,2020-05-19
Ready,Skilled Nursing Facility,San Francisco,11.0,0,,2020-05-19
WARM Status,Federal Medical Station,Butte,0.0,0,,2020-05-19
Ready,Federal Medical Station,Los Angeles,175.0,0,,2020-05-19
Ready,Federal Medical Station,Fresno,125.0,0,,2020-05-19
Ready,Alternative Care Facility,Orange,150.0,12,,2020-05-19
Ready,Federal Medical Station,San Diego,200.0,0,,2020-05-19
Ready,Alternative Care Facility,Tulare,71.0,1,,2020-05-19
Ready,Federal Medical Station,Riverside,250.0,0,,2020-05-19
Ready,Arena,Sacramento,328.0,4,,2020-05-19
WARM Status,Skilled Nursing Facility,Tulare,0.0,0,,2020-05-19
WARM Status,Federal Medical Station,Santa Clara,0.0,0,,2020-05-19
WARM Status,Federal Medical Station,San Mateo,0.0,0,,2020-05-19
Ready,Hospital,Los Angeles,32.0,9,,2020-05-19
Ready,Skilled Nursing Facility,Orange,100.0,9,,2020-05-19
Ready,Federal Medical Station,Contra Costa,250.0,0,,2020-05-19
Ready,Hospital,San Mateo,120.0,12,,2020-05-19
WARM Status,Federal Medical Station,Shasta,0.0,0,,2020-05-19
Ready,Alternative Care Facility,Orange,150.0,12,,2020-05-20
Ready,Hospital,San Mateo,120.0,10,,2020-05-20
Ready,Federal Medical Station,Contra Costa,250.0,0,,2020-05-20
WARM Status,Alternative Care Facility,Orange,0.0,9,,2020-05-20
Ready,Hospital,Los Angeles,32.0,6,,2020-05-20
Ready,Arena,Sacramento,328.0,0,,2020-05-20
WARM Status,Federal Medical Station,Santa Clara,0.0,0,,2020-05-20
Ready,Federal Medical Station,Fresno,125.0,0,,2020-05-20
WARM Status,Federal Medical Station,San Mateo,0.0,0,,2020-05-20
Ready,Skilled Nursing Facility,Orange,100.0,9,,2020-05-20
Ready,Skilled Nursing Facility,Riverside,99.0,0,,2020-05-20
Ready,Federal Medical Station,Los Angeles,175.0,0,,2020-05-20
WARM Status,Federal Medical Station,Shasta,0.0,0,,2020-05-20
WARM Status,Skilled Nursing Facility,Tulare,0.0,0,,2020-05-20
Ready,Alternative Care Facility,Tulare,71.0,1,,2020-05-20
Ready,Skilled Nursing Facility,San Francisco,11.0,0,,2020-05-20
Ready,Federal Medical Station,San Diego,200.0,0,,2020-05-20
Ready,Federal Medical Station,Riverside,250.0,0,,2020-05-20
WARM Status,Federal Medical Station,Butte,0.0,0,,2020-05-20
Ready,Federal Medical Station,Riverside,250.0,0,,2020-05-21
Ready,Hospital,San Mateo,120.0,11,,2020-05-21
Ready,Alternative Care Facility,Orange,150.0,8,,2020-05-21
Ready,Federal Medical Station,San Diego,200.0,0,,2020-05-21
Ready,Alternative Care Facility,Tulare,71.0,1,,2020-05-21
WARM Status,Federal Medical Station,Butte,0.0,0,,2020-05-21
Ready,Federal Medical Station,Los Angeles,175.0,0,,2020-05-21
WARM Status,Federal Medical Station,Shasta,0.0,0,,2020-05-21
Ready,Federal Medical Station,Fresno,125.0,0,,2020-05-21
WARM Status,Skilled Nursing Facility,Tulare,0.0,0,,2020-05-21
Ready,Hospital,Los Angeles,32.0,4,,2020-05-21
WARM Status,Alternative Care Facility,Orange,0.0,9,,2020-05-21
Ready,Skilled Nursing Facility,Orange,100.0,8,,2020-05-21
Ready,Arena,Sacramento,68.0,0,,2020-05-21
WARM Status,Federal Medical Station,Santa Clara,0.0,0,,2020-05-21
WARM Status,Federal Medical Station,San Mateo,0.0,0,,2020-05-21
Ready,Federal Medical Station,Contra Costa,250.0,0,,2020-05-21
WARM Status,Federal Medical Station,Shasta,0.0,0,,2020-05-22
Ready,Federal Medical Station,Contra Costa,250.0,0,,2020-05-22
Ready,Hospital,Los Angeles,32.0,3,,2020-05-22
WARM Status,Federal Medical Station,Butte,0.0,0,,2020-05-22
Ready,Hospital,San Mateo,120.0,11,,2020-05-22
WrapAround,,Imperial,0.0,0,,2020-05-22
Ready,Federal Medical Station,Riverside,250.0,0,,2020-05-22
WARM Status,Federal Medical Station,San Mateo,0.0,0,,2020-05-22
Ready,Federal Medical Station,Los Angeles,175.0,0,,2020-05-22
WARM Status,Federal Medical Station,Santa Clara,0.0,0,,2020-05-22
Ready,Arena,Sacramento,68.0,0,,2020-05-22
WARM Status,Alternative Care Facility,Orange,0.0,9,,2020-05-22
Ready,Alternative Care Facility,Orange,250.0,16,,2020-05-22
Ready,Federal Medical Station,San Diego,200.0,0,,2020-05-22
Ready,Alternative Care Facility,Tulare,71.0,1,,2020-05-22
WARM Status,Skilled Nursing Facility,Tulare,0.0,0,,2020-05-22
Ready,Federal Medical Station,Fresno,125.0,0,,2020-05-22
Ready,Federal Medical Station,Contra Costa,250.0,0,,2020-05-23
Ready,Alternative Care Facility,Orange,250.0,16,,2020-05-23
Ready,Hospital,Los Angeles,32.0,3,,2020-05-23
Ready,Alternative Care Facility,Tulare,71.0,1,,2020-05-23
WARM Status,Skilled Nursing Facility,Tulare,0.0,0,,2020-05-23
Ready,Federal Medical Station,Fresno,125.0,0,,2020-05-23
WARM Status,Federal Medical Station,Shasta,0.0,0,,2020-05-23
Ready,Federal Medical Station,Los Angeles,175.0,0,,2020-05-23
Ready,Hospital,San Mateo,120.0,9,,2020-05-23
WARM Status,Federal Medical Station,San Mateo,0.0,0,,2020-05-23
WARM Status,Federal Medical Station,Santa Clara,0.0,0,,2020-05-23
Ready,Arena,Sacramento,68.0,0,,2020-05-23
WARM Status,Federal Medical Station,Butte,0.0,0,,2020-05-23
Ready,Federal Medical Station,Riverside,250.0,0,,2020-05-23
Ready,Federal Medical Station,San Diego,200.0,0,,2020-05-23
WrapAround,,Imperial,0.0,0,,2020-05-23
WARM Status,Alternative Care Facility,Orange,0.0,9,,2020-05-23
WARM Status,Alternative Care Facility,Orange,0.0,9,,2020-05-24
Ready,Federal Medical Station,Contra Costa,250.0,0,,2020-05-24
WARM Status,Federal Medical Station,San Mateo,0.0,0,,2020-05-24
Ready,Alternative Care Facility,Tulare,71.0,1,,2020-05-24
Ready,Alternative Care Facility,Orange,250.0,18,,2020-05-24
WARM Status,Skilled Nursing Facility,Tulare,0.0,0,,2020-05-24
WARM Status,Federal Medical Station,Butte,0.0,0,,2020-05-24
Ready,Hospital,Los Angeles,32.0,3,,2020-05-24
Ready,Federal Medical Station,San Diego,200.0,0,,2020-05-24
Ready,Federal Medical Station,Riverside,250.0,0,,2020-05-24
Ready,Arena,Sacramento,68.0,0,,2020-05-24
WARM Status,Federal Medical Station,Santa Clara,0.0,0,,2020-05-24
WARM Status,Federal Medical Station,Shasta,0.0,0,,2020-05-24
Ready,Federal Medical Station,Los Angeles,175.0,0,,2020-05-24
WrapAround,,Imperial,0.0,0,,2020-05-24
Ready,Hospital,San Mateo,120.0,8,,2020-05-24
Ready,Federal Medical Station,Fresno,125.0,0,,2020-05-24
Ready,Alternative Care Facility,Orange,250.0,18,,2020-05-25
Ready,Hospital,San Mateo,120.0,6,,2020-05-25
WrapAround,,Imperial,0.0,0,,2020-05-25
Ready,Hospital,Los Angeles,32.0,3,,2020-05-25
Ready,Federal Medical Station,Fresno,125.0,0,,2020-05-25
Ready,Federal Medical Station,Contra Costa,250.0,0,,2020-05-25
Ready,Federal Medical Station,Los Angeles,175.0,0,,2020-05-25
WARM Status,Alternative Care Facility,Orange,0.0,9,,2020-05-25
Ready,Federal Medical Station,Riverside,250.0,0,,2020-05-25
Ready,Federal Medical Station,San Diego,200.0,0,,2020-05-25
Ready,Alternative Care Facility,Tulare,71.0,1,,2020-05-25
WARM Status,Federal Medical Station,Santa Clara,0.0,0,,2020-05-25
WARM Status,Federal Medical Station,Shasta,0.0,0,,2020-05-25
WARM Status,Skilled Nursing Facility,Tulare,0.0,0,,2020-05-25
Ready,Arena,Sacramento,68.0,0,,2020-05-25
WARM Status,Federal Medical Station,Butte,0.0,0,,2020-05-25
WARM Status,Federal Medical Station,San Mateo,0.0,0,,2020-05-25
WARM Status,Federal Medical Station,San Mateo,0.0,0,,2020-05-26
Ready,Hospital,San Mateo,120.0,7,,2020-05-26
Ready,Federal Medical Station,Contra Costa,250.0,0,,2020-05-26
Ready,Federal Medical Station,Riverside,250.0,0,,2020-05-26
Ready,Arena,Sacramento,68.0,0,,2020-05-26
WARM Status,Federal Medical Station,Shasta,0.0,0,,2020-05-26
Ready,Alternative Care Facility,Orange,250.0,17,,2020-05-26
Ready,Hospital,Los Angeles,32.0,3,,2020-05-26
Ready,Federal Medical Station,San Diego,200.0,0,,2020-05-26
WARM Status,Alternative Care Facility,Orange,0.0,9,,2020-05-26
Ready,Federal Medical Station,Imperial,125.0,0,,2020-05-26
Ready,Alternative Care Facility,Tulare,71.0,1,,2020-05-26
WARM Status,Federal Medical Station,Butte,0.0,0,,2020-05-26
WARM Status,Skilled Nursing Facility,Tulare,0.0,0,,2020-05-26
WARM Status,Federal Medical Station,Santa Clara,0.0,0,,2020-05-26
Ready,Federal Medical Station,Fresno,125.0,0,,2020-05-26
Ready,Federal Medical Station,Los Angeles,175.0,0,,2020-05-26
WARM Status,Federal Medical Station,San Mateo,0.0,0,,2020-05-27
Ready,Hospital,San Mateo,120.0,7,,2020-05-27
WARM Status,Federal Medical Station,Shasta,0.0,0,,2020-05-27
WARM Status,Federal Medical Station,Santa Clara,0.0,0,,2020-05-27
Ready,Alternative Care Facility,Orange,250.0,16,,2020-05-27
WARM Status,Federal Medical Station,Butte,0.0,0,,2020-05-27
WARM Status,Alternative Care Facility,Orange,0.0,9,,2020-05-27
Ready,Federal Medical Station,Imperial,125.0,0,,2020-05-27
Ready,Federal Medical Station,Contra Costa,250.0,0,,2020-05-27
Ready,Federal Medical Station,Los Angeles,175.0,0,,2020-05-27
Ready,Federal Medical Station,Fresno,125.0,0,,2020-05-27
WARM Status,Skilled Nursing Facility,Tulare,0.0,0,,2020-05-27
Ready,Arena,Sacramento,68.0,0,,2020-05-27
Ready,Federal Medical Station,Riverside,250.0,0,,2020-05-27
Ready,Hospital,Los Angeles,32.0,3,,2020-05-27
Ready,Alternative Care Facility,Tulare,71.0,1,,2020-05-27
Ready,Federal Medical Station,San Diego,200.0,0,,2020-05-27
Ready,Federal Medical Station,Fresno,125.0,0,,2020-05-28
WARM Status,Alternative Care Facility,Orange,0.0,9,,2020-05-28
Ready,Federal Medical Station,Riverside,250.0,0,,2020-05-28
Ready,Federal Medical Station,Los Angeles,175.0,0,,2020-05-28
Ready,Hospital,San Mateo,120.0,8,,2020-05-28
Ready,Alternative Care Facility,Orange,250.0,15,,2020-05-28
Ready,Alternative Care Facility,Tulare,71.0,1,,2020-05-28
WARM Status,Skilled Nursing Facility,Tulare,0.0,0,,2020-05-28
WARM Status,Federal Medical Station,San Mateo,0.0,0,,2020-05-28
Ready,Federal Medical Station,Contra Costa,250.0,0,,2020-05-28
Ready,Federal Medical Station,Imperial,125.0,0,,2020-05-28
Ready,Federal Medical Station,San Diego,200.0,0,,2020-05-28
Ready,Hospital,Los Angeles,32.0,0,,2020-05-28
WARM Status,Federal Medical Station,Butte,0.0,0,,2020-05-28
Ready,Arena,Sacramento,68.0,0,,2020-05-28
WARM Status,Federal Medical Station,Santa Clara,0.0,0,,2020-05-28
WARM Status,Federal Medical Station,Shasta,0.0,0,,2020-05-28
Ready,Federal Medical Station,Riverside,125.0,0,,2020-05-29
Ready,Alternative Care Facility,Tulare,71.0,1,,2020-05-29
Ready,Federal Medical Station,Imperial,125.0,4,,2020-05-29
WARM Status,Federal Medical Station,Butte,0.0,0,,2020-05-29
Ready,Arena,Sacramento,68.0,0,,2020-05-29
WARM Status,Federal Medical Station,Shasta,0.0,0,,2020-05-29
WARM Status,Federal Medical Station,San Mateo,0.0,0,,2020-05-29
Ready,Federal Medical Station,Los Angeles,175.0,0,,2020-05-29
WARM Status,Alternative Care Facility,Orange,0.0,9,,2020-05-29
Ready,Alternative Care Facility,Orange,250.0,15,,2020-05-29
Ready,Hospital,Los Angeles,32.0,0,,2020-05-29
WARM Status,Skilled Nursing Facility,Tulare,0.0,0,,2020-05-29
WARM Status,Federal Medical Station,Santa Clara,0.0,0,,2020-05-29
Ready,Federal Medical Station,Fresno,125.0,0,,2020-05-29
Ready,Federal Medical Station,San Diego,200.0,0,,2020-05-29
Ready,Hospital,San Mateo,120.0,9,,2020-05-29
Ready,Federal Medical Station,Contra Costa,250.0,0,,2020-05-29
WARM Status,Federal Medical Station,Riverside,0.0,0,,2020-05-29
Ready,Hospital,San Mateo,120.0,13,,2020-05-30
Ready,Federal Medical Station,Contra Costa,250.0,0,,2020-05-30
WARM Status,Federal Medical Station,Riverside,0.0,0,,2020-05-30
WARM Status,Federal Medical Station,Butte,0.0,0,,2020-05-30
Ready,Alternative Care Facility,Orange,250.0,14,,2020-05-30
WARM Status,Federal Medical Station,San Mateo,0.0,0,,2020-05-30
Ready,Federal Medical Station,San Diego,200.0,0,,2020-05-30
Ready,Arena,Sacramento,68.0,0,,2020-05-30
WARM Status,Alternative Care Facility,Orange,0.0,9,,2020-05-30
Ready,Hospital,Los Angeles,32.0,0,,2020-05-30
Ready,Alternative Care Facility,Tulare,71.0,0,,2020-05-30
Ready,Federal Medical Station,Riverside,125.0,0,,2020-05-30
Ready,Federal Medical Station,Fresno,125.0,0,,2020-05-30
WARM Status,Federal Medical Station,Shasta,0.0,0,,2020-05-30
WARM Status,Federal Medical Station,Santa Clara,0.0,0,,2020-05-30
WARM Status,Skilled Nursing Facility,Tulare,0.0,0,,2020-05-30
Ready,Federal Medical Station,Imperial,125.0,4,,2020-05-30
Ready,Federal Medical Station,Los Angeles,175.0,0,,2020-05-30
WARM Status,Alternative Care Facility,Orange,0.0,9,,2020-05-31
Ready,Arena,Sacramento,68.0,0,,2020-05-31
WARM Status,Federal Medical Station,Butte,0.0,0,,2020-05-31
Ready,Federal Medical Station,Riverside,125.0,0,,2020-05-31
Ready,Hospital,Los Angeles,32.0,0,,2020-05-31
Ready,Alternative Care Facility,Tulare,71.0,0,,2020-05-31
WARM Status,Federal Medical Station,Santa Clara,0.0,0,,2020-05-31
Ready,Federal Medical Station,Fresno,125.0,0,,2020-05-31
Ready,Federal Medical Station,Imperial,125.0,4,,2020-05-31
Ready,Alternative Care Facility,Orange,250.0,15,,2020-05-31
WARM Status,Federal Medical Station,Riverside,0.0,0,,2020-05-31
Ready,Federal Medical Station,San Diego,200.0,0,,2020-05-31
WARM Status,Federal Medical Station,Shasta,0.0,0,,2020-05-31
Ready,Federal Medical Station,Los Angeles,175.0,0,,2020-05-31
WARM Status,Federal Medical Station,San Mateo,0.0,0,,2020-05-31
WARM Status,Skilled Nursing Facility,Tulare,0.0,0,,2020-05-31
Ready,Federal Medical Station,Contra Costa,250.0,0,,2020-05-31
Ready,Hospital,San Mateo,120.0,16,,2020-05-31
WARM Status,Skilled Nursing Facility,Tulare,0.0,0,,2020-06-01
Ready,Alternative Care Facility,Orange,250.0,14,,2020-06-01
Ready,Federal Medical Station,San Diego,200.0,0,,2020-06-01
WARM Status,Federal Medical Station,San Mateo,0.0,0,,2020-06-01
Ready,Federal Medical Station,Riverside,125.0,0,,2020-06-01
WARM Status,Federal Medical Station,Santa Clara,0.0,0,,2020-06-01
Ready,Federal Medical Station,Fresno,125.0,0,,2020-06-01
WARM Status,Federal Medical Station,Shasta,0.0,0,,2020-06-01
WARM Status,Federal Medical Station,Riverside,0.0,0,,2020-06-01
Ready,Federal Medical Station,Los Angeles,175.0,0,,2020-06-01
Ready,Arena,Sacramento,68.0,0,,2020-06-01
Ready,Hospital,Los Angeles,32.0,0,,2020-06-01
Ready,Federal Medical Station,Imperial,125.0,0,,2020-06-01
WARM Status,Alternative Care Facility,Orange,0.0,9,,2020-06-01
Ready,Federal Medical Station,Contra Costa,250.0,0,,2020-06-01
Ready,Hospital,San Mateo,120.0,14,,2020-06-01
Ready,Alternative Care Facility,Tulare,71.0,0,,2020-06-01
WARM Status,Federal Medical Station,Butte,0.0,0,,2020-06-01
WARM Status,Federal Medical Station,Shasta,0.0,0,,2020-06-02
Ready,Federal Medical Station,Los Angeles,175.0,0,,2020-06-02
Ready,Federal Medical Station,Contra Costa,250.0,0,,2020-06-02
WARM Status,Alternative Care Facility,Orange,0.0,9,,2020-06-02
Ready,Federal Medical Station,Riverside,125.0,0,,2020-06-02
Ready,Arena,Sacramento,68.0,0,,2020-06-02
WARM Status,Federal Medical Station,Butte,0.0,0,,2020-06-02
WARM Status,Skilled Nursing Facility,Tulare,0.0,0,,2020-06-02
WARM Status,Federal Medical Station,Santa Clara,0.0,0,,2020-06-02
Ready,Federal Medical Station,Fresno,125.0,0,,2020-06-02
Ready,Federal Medical Station,San Diego,200.0,0,,2020-06-02
WARM Status,Federal Medical Station,San Mateo,0.0,0,,2020-06-02
Ready,Alternative Care Facility,Tulare,71.0,0,,2020-06-02
WARM Status,Federal Medical Station,Riverside,0.0,0,,2020-06-02
Ready,Hospital,San Mateo,120.0,11,,2020-06-02
Ready,Alternative Care Facility,Orange,250.0,13,,2020-06-02
Ready,Federal Medical Station,Imperial,125.0,0,,2020-06-02
Ready,Hospital,Los Angeles,32.0,0,,2020-06-02
Ready,Federal Medical Station,Riverside,125.0,0,,2020-06-03
Ready,Arena,Sacramento,68.0,0,,2020-06-03
Ready,Federal Medical Station,Fresno,125.0,0,,2020-06-03
Ready,Federal Medical Station,San Diego,200.0,0,,2020-06-03
Ready,Alternative Care Facility,Orange,250.0,13,,2020-06-03
Ready,Federal Medical Station,Imperial,125.0,0,,2020-06-03
Ready,Hospital,Los Angeles,32.0,0,,2020-06-03
Ready,Alternative Care Facility,Tulare,71.0,1,,2020-06-03
Ready,Federal Medical Station,Los Angeles,175.0,0,,2020-06-03
WARM Status,Alternative Care Facility,Orange,0.0,9,,2020-06-03
Ready,Hospital,San Mateo,120.0,11,,2020-06-03
Ready,Federal Medical Station,Contra Costa,250.0,0,,2020-06-03
WARM Status,Federal Medical Station,Riverside,0.0,0,,2020-06-03
WARM Status,Federal Medical Station,San Mateo,0.0,0,,2020-06-03
WARM Status,Federal Medical Station,Shasta,0.0,0,,2020-06-03
WARM Status,Federal Medical Station,Santa Clara,0.0,0,,2020-06-03
WARM Status,Skilled Nursing Facility,Tulare,0.0,0,,2020-06-03
WARM Status,Federal Medical Station,Butte,0.0,0,,2020-06-03
Ready,Federal Medical Station,Fresno,125.0,0,,2020-06-04
WARM Status,Federal Medical Station,Butte,0.0,0,,2020-06-04
WARM Status,Federal Medical Station,San Mateo,0.0,0,,2020-06-04
WARM Status,Federal Medical Station,Shasta,0.0,0,,2020-06-04
WARM Status,Alternative Care Facility,Orange,0.0,9,,2020-06-04
Ready,Hospital,Los Angeles,32.0,0,,2020-06-04
Ready,Federal Medical Station,Imperial,125.0,5,,2020-06-04
WARM Status,Federal Medical Station,Riverside,0.0,0,,2020-06-04
Ready,Arena,Sacramento,68.0,0,,2020-06-04
WARM Status,Skilled Nursing Facility,Tulare,0.0,0,,2020-06-04
WARM Status,Federal Medical Station,Santa Clara,0.0,0,,2020-06-04
Ready,Federal Medical Station,Los Angeles,175.0,0,,2020-06-04
Ready,Federal Medical Station,Riverside,125.0,0,,2020-06-04
Ready,Alternative Care Facility,Tulare,71.0,1,,2020-06-04
Ready,Federal Medical Station,Contra Costa,250.0,0,,2020-06-04
Ready,Federal Medical Station,San Diego,200.0,0,,2020-06-04
Ready,Hospital,San Mateo,120.0,8,,2020-06-04
Ready,Alternative Care Facility,Orange,250.0,12,,2020-06-04
Ready,Alternative Care Facility,Orange,250.0,12,,2020-06-05
WARM Status,Skilled Nursing Facility,Tulare,0.0,0,,2020-06-05
Ready,Federal Medical Station,Riverside,125.0,0,,2020-06-05
Ready,Hospital,Los Angeles,32.0,0,,2020-06-05
WARM Status,Federal Medical Station,Riverside,0.0,0,,2020-06-05
WARM Status,Federal Medical Station,Shasta,0.0,0,,2020-06-05
Ready,Federal Medical Station,Imperial,125.0,3,,2020-06-05
Ready,Federal Medical Station,San Diego,200.0,0,,2020-06-05
WARM Status,Alternative Care Facility,Orange,0.0,9,,2020-06-05
WARM Status,Federal Medical Station,Santa Clara,0.0,0,,2020-06-05
WARM Status,Federal Medical Station,San Mateo,0.0,0,,2020-06-05
Ready,Hospital,San Mateo,120.0,7,,2020-06-05
Ready,Federal Medical Station,Contra Costa,250.0,0,,2020-06-05
Ready,Alternative Care Facility,Tulare,71.0,1,,2020-06-05
WARM Status,Federal Medical Station,Butte,0.0,0,,2020-06-05
Ready,Arena,Sacramento,68.0,0,,2020-06-05
Ready,Federal Medical Station,Fresno,125.0,0,,2020-06-05
Ready,Federal Medical Station,Los Angeles,175.0,0,,2020-06-05
Ready,Federal Medical Station,Riverside,125.0,0,,2020-06-06
Ready,Alternative Care Facility,Orange,250.0,12,,2020-06-06
WARM Status,Federal Medical Station,Butte,0.0,0,,2020-06-06
Ready,Federal Medical Station,Los Angeles,175.0,0,,2020-06-06
WARM Status,Federal Medical Station,Shasta,0.0,0,,2020-06-06
Ready,Federal Medical Station,Fresno,125.0,0,,2020-06-06
WARM Status,Federal Medical Station,Santa Clara,0.0,0,,2020-06-06
WARM Status,Skilled Nursing Facility,Tulare,0.0,0,,2020-06-06
Ready,Arena,Sacramento,68.0,0,,2020-06-06
Ready,Alternative Care Facility,Tulare,71.0,1,,2020-06-06
Ready,Hospital,Los Angeles,32.0,0,,2020-06-06
Ready,Federal Medical Station,San Diego,200.0,0,,2020-06-06
Ready,Federal Medical Station,Imperial,125.0,7,,2020-06-06
WARM Status,Alternative Care Facility,Orange,0.0,9,,2020-06-06
WARM Status,Federal Medical Station,Riverside,0.0,0,,2020-06-06
Ready,Federal Medical Station,Contra Costa,250.0,0,,2020-06-06
Ready,Hospital,San Mateo,120.0,7,,2020-06-06
WARM Status,Federal Medical Station,San Mateo,0.0,0,,2020-06-06
WARM Status,Federal Medical Station,San Mateo,0.0,0,,2020-06-07
Ready,Federal Medical Station,Imperial,125.0,7,,2020-06-07
Ready,Hospital,San Mateo,120.0,7,,2020-06-07
Ready,Federal Medical Station,Contra Costa,250.0,0,,2020-06-07
Ready,Alternative Care Facility,Orange,250.0,12,,2020-06-07
Ready,Federal Medical Station,San Diego,200.0,0,,2020-06-07
Ready,Federal Medical Station,Los Angeles,175.0,0,,2020-06-07
Ready,Federal Medical Station,Fresno,125.0,0,,2020-06-07
WARM Status,Skilled Nursing Facility,Tulare,0.0,0,,2020-06-07
Ready,Alternative Care Facility,Tulare,71.0,1,,2020-06-07
WARM Status,Federal Medical Station,Riverside,0.0,0,,2020-06-07
Ready,Hospital,Los Angeles,32.0,0,,2020-06-07
Ready,Federal Medical Station,Riverside,125.0,0,,2020-06-07
WARM Status,Federal Medical Station,Butte,0.0,0,,2020-06-07
Ready,Arena,Sacramento,68.0,0,,2020-06-07
WARM Status,Federal Medical Station,Santa Clara,0.0,0,,2020-06-07
WARM Status,Federal Medical Station,Shasta,0.0,0,,2020-06-07
WARM Status,Alternative Care Facility,Orange,0.0,9,,2020-06-07
Ready,Arena,Sacramento,68.0,0,,2020-06-08
Ready,Federal Medical Station,Fresno,125.0,0,,2020-06-08
Ready,Federal Medical Station,Los Angeles,175.0,0,,2020-06-08
Ready,Federal Medical Station,Contra Costa,250.0,0,,2020-06-08
WARM Status,Federal Medical Station,Butte,0.0,0,,2020-06-08
WARM Status,Skilled Nursing Facility,Tulare,0.0,0,,2020-06-08
WARM Status,Federal Medical Station,Shasta,0.0,0,,2020-06-08
WARM Status,Federal Medical Station,San Mateo,0.0,0,,2020-06-08
WARM Status,Alternative Care Facility,Orange,0.0,9,,2020-06-08
Ready,Hospital,Los Angeles,32.0,0,,2020-06-08
Ready,Federal Medical Station,San Diego,200.0,0,,2020-06-08
Ready,Federal Medical Station,Imperial,125.0,11,,2020-06-08
Ready,Hospital,San Mateo,120.0,6,,2020-06-08
WARM Status,Federal Medical Station,Riverside,0.0,0,,2020-06-08
Ready,Alternative Care Facility,Orange,250.0,10,,2020-06-08
Ready,Alternative Care Facility,Tulare,71.0,1,,2020-06-08
Ready,Federal Medical Station,Riverside,125.0,0,,2020-06-08
WARM Status,Federal Medical Station,Santa Clara,0.0,0,,2020-06-08
WARM Status,Federal Medical Station,Riverside,0.0,0,,2020-06-09
Ready,Alternative Care Facility,Orange,250.0,12,,2020-06-09
Ready,Federal Medical Station,Imperial,125.0,11,,2020-06-09
Ready,Federal Medical Station,San Diego,200.0,0,,2020-06-09
WARM Status,Federal Medical Station,Butte,0.0,0,,2020-06-09
Ready,Arena,Sacramento,68.0,1,,2020-06-09
WARM Status,Federal Medical Station,Santa Clara,0.0,0,,2020-06-09
Ready,Federal Medical Station,Los Angeles,175.0,0,,2020-06-09
WARM Status,Federal Medical Station,San Mateo,0.0,0,,2020-06-09
WARM Status,Skilled Nursing Facility,Tulare,0.0,0,,2020-06-09
Ready,Federal Medical Station,Contra Costa,250.0,0,,2020-06-09
Ready,Alternative Care Facility,Tulare,71.0,1,,2020-06-09
Ready,Federal Medical Station,Riverside,125.0,0,,2020-06-09
WARM Status,Alternative Care Facility,Orange,0.0,9,,2020-06-09
Ready,Federal Medical Station,Fresno,125.0,0,,2020-06-09
WARM Status,Federal Medical Station,Shasta,0.0,0,,2020-06-09
Ready,Hospital,San Mateo,120.0,7,,2020-06-09
Ready,Federal Medical Station,Fresno,125.0,0,,2020-06-10
Ready,Federal Medical Station,Imperial,125.0,17,,2020-06-10
WARM Status,Federal Medical Station,Riverside,0.0,0,,2020-06-10
Ready,Hospital,San Mateo,120.0,7,,2020-06-10
WARM Status,Federal Medical Station,Butte,0.0,0,,2020-06-10
Ready,Arena,Sacramento,68.0,2,,2020-06-10
WARM Status,Federal Medical Station,San Mateo,0.0,0,,2020-06-10
WARM Status,Federal Medical Station,Shasta,0.0,0,,2020-06-10
WARM Status,Federal Medical Station,Santa Clara,0.0,0,,2020-06-10
Ready,Federal Medical Station,Riverside,125.0,0,,2020-06-10
Ready,Federal Medical Station,San Diego,200.0,0,,2020-06-10
Ready,Federal Medical Station,Los Angeles,175.0,0,,2020-06-10
Ready,Alternative Care Facility,Tulare,71.0,1,,2020-06-10
Ready,Alternative Care Facility,Orange,250.0,11,,2020-06-10
WARM Status,Alternative Care Facility,Orange,0.0,9,,2020-06-10
Ready,Federal Medical Station,Contra Costa,250.0,0,,2020-06-10
WARM Status,Skilled Nursing Facility,Tulare,0.0,0,,2020-06-10
WARM Status,Federal Medical Station,San Mateo,0.0,0,,2020-06-11
Ready,Federal Medical Station,Los Angeles,175.0,0,,2020-06-11
WARM Status,Skilled Nursing Facility,Tulare,0.0,0,,2020-06-11
Ready,Arena,Sacramento,68.0,1,,2020-06-11
Ready,Federal Medical Station,San Diego,200.0,0,,2020-06-11
WARM Status,Alternative Care Facility,Orange,0.0,9,,2020-06-11
Ready,Federal Medical Station,Contra Costa,250.0,0,,2020-06-11
WARM Status,Federal Medical Station,Butte,0.0,0,,2020-06-11
WARM Status,Federal Medical Station,Shasta,0.0,0,,2020-06-11
Ready,Federal Medical Station,Fresno,125.0,0,,2020-06-11
WARM Status,Federal Medical Station,Santa Clara,0.0,0,,2020-06-11
Ready,Federal Medical Station,Imperial,125.0,15,,2020-06-11
Ready,Alternative Care Facility,Orange,250.0,10,,2020-06-11
WARM Status,Federal Medical Station,Riverside,0.0,0,,2020-06-11
Ready,Hospital,San Mateo,120.0,7,,2020-06-11
Ready,Federal Medical Station,Riverside,125.0,0,,2020-06-11
Ready,Alternative Care Facility,Tulare,71.0,0,,2020-06-11
Ready,Alternative Care Facility,Orange,250.0,10,,2020-06-12
Ready,Federal Medical Station,Contra Costa,250.0,0,,2020-06-12
Ready,Arena,Sacramento,68.0,1,,2020-06-12
Ready,Hospital,San Mateo,120.0,5,,2020-06-12
WARM Status,Alternative Care Facility,Orange,0.0,9,,2020-06-12
Ready,Federal Medical Station,Imperial,125.0,12,,2020-06-12
Ready,Federal Medical Station,San Diego,200.0,0,,2020-06-12
Ready,Federal Medical Station,Riverside,125.0,0,,2020-06-12
WARM Status,Federal Medical Station,Butte,0.0,0,,2020-06-12
WARM Status,Federal Medical Station,Santa Clara,0.0,0,,2020-06-12
WARM Status,Federal Medical Station,Shasta,0.0,0,,2020-06-12
Ready,Federal Medical Station,Los Angeles,175.0,0,,2020-06-12
WARM Status,Federal Medical Station,San Mateo,0.0,0,,2020-06-12
Ready,Federal Medical Station,Fresno,125.0,0,,2020-06-12
WARM Status,Skilled Nursing Facility,Tulare,0.0,0,,2020-06-12
Ready,Alternative Care Facility,Tulare,71.0,0,,2020-06-12
WARM Status,Federal Medical Station,Riverside,0.0,0,,2020-06-12
Ready,Hospital,San Mateo,120.0,6,,2020-06-13
WARM Status,Skilled Nursing Facility,Tulare,0.0,0,,2020-06-13
Ready,Alternative Care Facility,Tulare,71.0,0,,2020-06-13
WARM Status,Federal Medical Station,Shasta,0.0,0,,2020-06-13
Ready,Federal Medical Station,Contra Costa,250.0,0,,2020-06-13
Ready,Federal Medical Station,San Diego,200.0,0,,2020-06-13
Ready,Federal Medical Station,Riverside,125.0,0,,2020-06-13
Ready,Arena,Sacramento,68.0,0,,2020-06-13
WARM Status,Federal Medical Station,Santa Clara,0.0,0,,2020-06-13
Ready,Federal Medical Station,Fresno,125.0,0,,2020-06-13
Ready,Federal Medical Station,Los Angeles,175.0,0,,2020-06-13
WARM Status,Federal Medical Station,San Mateo,0.0,0,,2020-06-13
WARM Status,Federal Medical Station,Butte,0.0,0,,2020-06-13
Ready,Federal Medical Station,Imperial,125.0,9,,2020-06-13
Ready,Alternative Care Facility,Orange,250.0,10,,2020-06-13
WARM Status,Alternative Care Facility,Orange,0.0,9,,2020-06-13
WARM Status,Federal Medical Station,Riverside,0.0,0,,2020-06-13
Ready,Federal Medical Station,San Diego,200.0,0,,2020-06-14
Ready,Federal Medical Station,Los Angeles,175.0,0,,2020-06-14
Ready,Federal Medical Station,Contra Costa,250.0,0,,2020-06-14
WARM Status,Skilled Nursing Facility,Tulare,0.0,0,,2020-06-14
WARM Status,Federal Medical Station,Riverside,0.0,0,,2020-06-14
Ready,Federal Medical Station,Fresno,125.0,0,,2020-06-14
Ready,Alternative Care Facility,Tulare,71.0,0,,2020-06-14
Ready,Hospital,San Mateo,120.0,5,,2020-06-14
WARM Status,Federal Medical Station,San Mateo,0.0,0,,2020-06-14
WARM Status,Federal Medical Station,Shasta,0.0,0,,2020-06-14
WARM Status,Federal Medical Station,Santa Clara,0.0,0,,2020-06-14
Ready,Arena,Sacramento,68.0,0,,2020-06-14
WARM Status,Federal Medical Station,Butte,0.0,0,,2020-06-14
Ready,Federal Medical Station,Riverside,125.0,0,,2020-06-14
Ready,Federal Medical Station,Imperial,125.0,12,,2020-06-14
Ready,Alternative Care Facility,Orange,250.0,10,,2020-06-14
WARM Status,Alternative Care Facility,Orange,0.0,9,,2020-06-14
Ready,Hospital,San Mateo,120.0,3,,2020-06-15
WARM Status,Federal Medical Station,Riverside,0.0,0,,2020-06-15
WARM Status,Alternative Care Facility,Orange,0.0,9,,2020-06-15
Ready,Federal Medical Station,Imperial,125.0,12,,2020-06-15
WARM Status,Skilled Nursing Facility,Tulare,0.0,0,,2020-06-15
Ready,Alternative Care Facility,Tulare,71.0,0,,2020-06-15
Ready,Federal Medical Station,San Diego,200.0,0,,2020-06-15
Ready,Alternative Care Facility,Orange,250.0,10,,2020-06-15
Ready,Arena,Sacramento,68.0,0,,2020-06-15
WARM Status,Federal Medical Station,Butte,0.0,0,,2020-06-15
Ready,Federal Medical Station,Los Angeles,175.0,0,,2020-06-15
WARM Status,Federal Medical Station,San Mateo,0.0,0,,2020-06-15
Ready,Federal Medical Station,Contra Costa,250.0,0,,2020-06-15
Ready,Federal Medical Station,Riverside,125.0,0,,2020-06-15
WARM Status,Federal Medical Station,Santa Clara,0.0,0,,2020-06-15
WARM Status,Federal Medical Station,Shasta,0.0,0,,2020-06-15
Ready,Federal Medical Station,Fresno,125.0,0,,2020-06-15
WARM Status,Skilled Nursing Facility,Tulare,0.0,0,,2020-06-16
WARM Status,Federal Medical Station,Riverside,0.0,0,,2020-06-16
Ready,Hospital,San Mateo,120.0,3,,2020-06-16
WARM Status,Federal Medical Station,Santa Clara,0.0,0,,2020-06-16
Ready,Federal Medical Station,Contra Costa,250.0,0,,2020-06-16
WARM Status,Federal Medical Station,San Mateo,0.0,0,,2020-06-16
Ready,Federal Medical Station,Fresno,125.0,0,,2020-06-16
WARM Status,Alternative Care Facility,Orange,0.0,9,,2020-06-16
Ready,Arena,Sacramento,68.0,0,,2020-06-16
Ready,Federal Medical Station,Riverside,125.0,0,,2020-06-16
Ready,Federal Medical Station,Los Angeles,175.0,0,,2020-06-16
WARM Status,Federal Medical Station,Butte,0.0,0,,2020-06-16
WARM Status,Federal Medical Station,Shasta,0.0,0,,2020-06-16
Ready,Alternative Care Facility,Tulare,71.0,0,,2020-06-16
Ready,Federal Medical Station,San Diego,200.0,0,,2020-06-16
Ready,Alternative Care Facility,Orange,250.0,9,,2020-06-16
Ready,Federal Medical Station,Imperial,125.0,10,,2020-06-16
WARM Status,Federal Medical Station,Riverside,0.0,0,,2020-06-17
WARM Status,Federal Medical Station,Santa Clara,0.0,0,,2020-06-17
WARM Status,Federal Medical Station,San Mateo,0.0,0,,2020-06-17
Ready,Federal Medical Station,Los Angeles,175.0,0,,2020-06-17
Ready,Federal Medical Station,Fresno,125.0,0,,2020-06-17
Ready,Arena,Sacramento,68.0,0,,2020-06-17
WARM Status,Federal Medical Station,Butte,0.0,0,,2020-06-17
Ready,Federal Medical Station,San Diego,200.0,0,,2020-06-17
Ready,Federal Medical Station,Imperial,125.0,9,,2020-06-17
WARM Status,Alternative Care Facility,Orange,0.0,9,,2020-06-17
Ready,Federal Medical Station,Contra Costa,250.0,0,,2020-06-17
WARM Status,Skilled Nursing Facility,Tulare,0.0,0,,2020-06-17
Ready,Alternative Care Facility,Tulare,71.0,0,,2020-06-17
Ready,Hospital,San Mateo,120.0,3,,2020-06-17
Ready,Alternative Care Facility,Orange,250.0,7,,2020-06-17
WARM Status,Federal Medical Station,Shasta,0.0,0,,2020-06-17
Ready,Federal Medical Station,Riverside,125.0,0,,2020-06-17
WARM Status,Federal Medical Station,Santa Clara,0.0,0,,2020-06-18
Ready,Federal Medical Station,Los Angeles,175.0,0,,2020-06-18
WARM Status,Federal Medical Station,San Mateo,0.0,0,,2020-06-18
Ready,Hospital,San Mateo,120.0,2,,2020-06-18
Ready,Federal Medical Station,Fresno,125.0,0,,2020-06-18
WARM Status,Skilled Nursing Facility,Tulare,0.0,0,,2020-06-18
Ready,Arena,Sacramento,68.0,0,,2020-06-18
WARM Status,Federal Medical Station,Butte,0.0,0,,2020-06-18
Ready,Federal Medical Station,Riverside,125.0,0,,2020-06-18
Ready,Alternative Care Facility,Tulare,71.0,0,,2020-06-18
Ready,Federal Medical Station,San Diego,200.0,0,,2020-06-18
Ready,Federal Medical Station,Imperial,125.0,9,,2020-06-18
Ready,Alternative Care Facility,Orange,250.0,6,,2020-06-18
Ready,Federal Medical Station,Contra Costa,250.0,0,,2020-06-18
WARM Status,Federal Medical Station,Shasta,0.0,0,,2020-06-18
WARM Status,Alternative Care Facility,Orange,0.0,9,,2020-06-18
WARM Status,Federal Medical Station,Riverside,0.0,0,,2020-06-18
Ready,Arena,Sacramento,68.0,0,,2020-06-19
WARM Status,Federal Medical Station,Shasta,0.0,0,,2020-06-19
WARM Status,Federal Medical Station,Riverside,0.0,0,,2020-06-19
Ready,Federal Medical Station,Fresno,125.0,0,,2020-06-19
Ready,Federal Medical Station,Riverside,125.0,0,,2020-06-19
WARM Status,Federal Medical Station,Butte,0.0,0,,2020-06-19
WARM Status,Federal Medical Station,San Mateo,0.0,0,,2020-06-19
Ready,Federal Medical Station,San Diego,200.0,0,,2020-06-19
Ready,Hospital,San Mateo,120.0,2,,2020-06-19
Ready,Federal Medical Station,Contra Costa,250.0,0,,2020-06-19
WARM Status,Alternative Care Facility,Orange,0.0,9,,2020-06-19
Ready,Alternative Care Facility,Orange,250.0,5,,2020-06-19
Ready,Alternative Care Facility,Tulare,71.0,0,,2020-06-19
Ready,Federal Medical Station,Los Angeles,175.0,0,,2020-06-19
WARM Status,Skilled Nursing Facility,Tulare,0.0,0,,2020-06-19
WARM Status,Federal Medical Station,Santa Clara,0.0,0,,2020-06-19
Ready,Federal Medical Station,Imperial,125.0,10,,2020-06-19
Ready,Federal Medical Station,San Diego,200.0,0,,2020-06-20
WARM Status,Federal Medical Station,Butte,0.0,0,,2020-06-20
Ready,Alternative Care Facility,Orange,250.0,3,,2020-06-20
WARM Status,Alternative Care Facility,Orange,0.0,9,,2020-06-20
Ready,Federal Medical Station,Contra Costa,250.0,0,,2020-06-20
WARM Status,Federal Medical Station,Shasta,0.0,0,,2020-06-20
Ready,Alternative Care Facility,Tulare,71.0,0,,2020-06-20
WARM Status,Skilled Nursing Facility,Tulare,0.0,0,,2020-06-20
WARM Status,Federal Medical Station,Riverside,0.0,0,,2020-06-20
Ready,Hospital,San Mateo,120.0,2,,2020-06-20
Ready,Federal Medical Station,Imperial,125.0,8,,2020-06-20
Ready,Federal Medical Station,Riverside,125.0,0,,2020-06-20
Ready,Arena,Sacramento,68.0,0,,2020-06-20
WARM Status,Federal Medical Station,Santa Clara,0.0,0,,2020-06-20
WARM Status,Federal Medical Station,San Mateo,0.0,0,,2020-06-20
Ready,Federal Medical Station,Los Angeles,175.0,0,,2020-06-20
Ready,Federal Medical Station,Fresno,125.0,0,,2020-06-20
Ready,Federal Medical Station,San Diego,200.0,0,,2020-06-21
Ready,Federal Medical Station,Imperial,125.0,12,,2020-06-21
Ready,Arena,Sacramento,68.0,0,,2020-06-21
Ready,Federal Medical Station,Riverside,125.0,0,,2020-06-21
Ready,Alternative Care Facility,Tulare,71.0,0,,2020-06-21
WARM Status,Federal Medical Station,Riverside,0.0,0,,2020-06-21
WARM Status,Alternative Care Facility,Orange,0.0,9,,2020-06-21
WARM Status,Federal Medical Station,Shasta,0.0,0,,2020-06-21
WARM Status,Federal Medical Station,San Mateo,0.0,0,,2020-06-21
WARM Status,Skilled Nursing Facility,Tulare,0.0,0,,2020-06-21
WARM Status,Federal Medical Station,Santa Clara,0.0,0,,2020-06-21
Ready,Federal Medical Station,Los Angeles,175.0,0,,2020-06-21
WARM Status,Federal Medical Station,Butte,0.0,0,,2020-06-21
Ready,Hospital,San Mateo,120.0,3,,2020-06-21
Ready,Federal Medical Station,Contra Costa,250.0,0,,2020-06-21
Ready,Alternative Care Facility,Orange,250.0,1,,2020-06-21
Ready,Federal Medical Station,Fresno,125.0,0,,2020-06-21
Ready,Alternative Care Facility,Orange,250.0,1,,2020-06-22
WARM Status,Federal Medical Station,San Mateo,0.0,0,,2020-06-22
Ready,Federal Medical Station,Los Angeles,175.0,0,,2020-06-22
Ready,Federal Medical Station,Fresno,125.0,0,,2020-06-22
WARM Status,Alternative Care Facility,Orange,0.0,9,,2020-06-22
WARM Status,Federal Medical Station,Santa Clara,0.0,0,,2020-06-22
WARM Status,Skilled Nursing Facility,Tulare,0.0,0,,2020-06-22
Ready,Federal Medical Station,Riverside,125.0,0,,2020-06-22
Ready,Alternative Care Facility,Tulare,71.0,0,,2020-06-22
Ready,Federal Medical Station,San Diego,200.0,0,,2020-06-22
Ready,Federal Medical Station,Imperial,125.0,10,,2020-06-22
WARM Status,Federal Medical Station,Riverside,0.0,0,,2020-06-22
Ready,Federal Medical Station,Contra Costa,250.0,0,,2020-06-22
Ready,Hospital,San Mateo,120.0,5,,2020-06-22
WARM Status,Federal Medical Station,Butte,0.0,0,,2020-06-22
Ready,Arena,Sacramento,68.0,0,,2020-06-22
WARM Status,Federal Medical Station,Shasta,0.0,0,,2020-06-22
Ready,Alternative Care Facility,Orange,250.0,1,,2020-06-23
Ready,Arena,Sacramento,68.0,0,,2020-06-23
Ready,Hospital,San Mateo,120.0,4,,2020-06-23
Ready,Alternative Care Facility,Tulare,71.0,0,,2020-06-23
WARM Status,Skilled Nursing Facility,Tulare,0.0,0,,2020-06-23
Ready,Federal Medical Station,Fresno,125.0,0,,2020-06-23
Ready,Federal Medical Station,Los Angeles,175.0,0,,2020-06-23
WARM Status,Federal Medical Station,San Mateo,0.0,0,,2020-06-23
Ready,Federal Medical Station,Contra Costa,250.0,0,,2020-06-23
Ready,Federal Medical Station,Imperial,125.0,12,,2020-06-23
Ready,Federal Medical Station,Riverside,125.0,0,,2020-06-23
WARM Status,Federal Medical Station,Santa Clara,0.0,0,,2020-06-23
WARM Status,Federal Medical Station,Riverside,0.0,0,,2020-06-23
WARM Status,Alternative Care Facility,Orange,0.0,9,,2020-06-23
Ready,Federal Medical Station,San Diego,200.0,0,,2020-06-23
WARM Status,Federal Medical Station,Butte,0.0,0,,2020-06-23
WARM Status,Federal Medical Station,Shasta,0.0,0,,2020-06-23
Ready,Federal Medical Station,Imperial,108.0,17,0.0,2020-06-24
WARM Status,Federal Medical Station,Santa Clara,0.0,0,,2020-06-24
Ready,Federal Medical Station,Los Angeles,175.0,0,175.0,2020-06-24
Ready,Federal Medical Station,Fresno,125.0,0,175.0,2020-06-24
WARM Status,Alternative Care Facility,Orange,-9.0,9,0.0,2020-06-24
Ready,Alternative Care Facility,Orange,249.0,1,250.0,2020-06-24
Ready,Hospital,San Mateo,116.0,4,0.0,2020-06-24
WARM Status,Skilled Nursing Facility,Tulare,0.0,0,,2020-06-24
WARM Status,Federal Medical Station,San Mateo,0.0,0,250.0,2020-06-24
Ready,Arena,Sacramento,68.0,0,276.0,2020-06-24
WARM Status,Federal Medical Station,Butte,0.0,0,,2020-06-24
Ready,Federal Medical Station,Riverside,125.0,0,125.0,2020-06-24
Ready,Alternative Care Facility,Tulare,71.0,0,71.0,2020-06-24
Ready,Federal Medical Station,San Diego,200.0,0,200.0,2020-06-24
WARM Status,Federal Medical Station,Riverside,0.0,0,125.0,2020-06-24
Ready,Federal Medical Station,Contra Costa,250.0,0,250.0,2020-06-24
WARM Status,Federal Medical Station,Shasta,0.0,0,,2020-06-24
WARM Status,Alternative Care Facility,Tulare,,0,71.0,2020-06-25
WARM Status,Federal Medical Station,San Mateo,,0,250.0,2020-06-25
WARM Status,Federal Medical Station,Los Angeles,,0,175.0,2020-06-25
WARM Status,Federal Medical Station,Fresno,,0,175.0,2020-06-25
WARM Status,Arena,Sacramento,,0,276.0,2020-06-25
WARM Status,Federal Medical Station,San Diego,,0,200.0,2020-06-25
Ready,Federal Medical Station,Imperial,,17,0.0,2020-06-25
WARM Status,Federal Medical Station,San Francisco,,0,0.0,2020-06-25
Ready,Alternative Care Facility,Orange,,1,185.0,2020-06-25
WARM Status,Federal Medical Station,Riverside,,0,250.0,2020-06-25
WrapAround,Skilled Nursing Facility,Tulare,,0,0.0,2020-06-25
WARM Status,Federal Medical Station,Contra Costa,,0,250.0,2020-06-25
Ready,Hospital,San Mateo,,2,0.0,2020-06-25
Ready,Federal Medical Station,Imperial,108.0,17,0.0,2020-06-26
WARM Status,Federal Medical Station,San Francisco,0.0,0,0.0,2020-06-26
Ready,Alternative Care Facility,Orange,60.0,0,185.0,2020-06-26
WARM Status,Federal Medical Station,Contra Costa,0.0,0,250.0,2020-06-26
Ready,Hospital,San Mateo,108.0,12,0.0,2020-06-26
WARM Status,Arena,Sacramento,0.0,0,276.0,2020-06-26
WARM Status,Federal Medical Station,San Mateo,0.0,0,250.0,2020-06-26
WARM Status,Alternative Care Facility,Tulare,0.0,0,71.0,2020-06-26
WARM Status,Federal Medical Station,San Diego,0.0,0,200.0,2020-06-26
WARM Status,Federal Medical Station,Los Angeles,0.0,0,175.0,2020-06-26
WARM Status,Federal Medical Station,Fresno,0.0,0,175.0,2020-06-26
WrapAround,Skilled Nursing Facility,Tulare,0.0,0,0.0,2020-06-26
WARM Status,Federal Medical Station,Riverside,0.0,0,250.0,2020-06-26
Ready,Alternative Care Facility,Orange,60.0,0,185.0,2020-06-27
WARM Status,Federal Medical Station,Contra Costa,0.0,0,250.0,2020-06-27
WARM Status,Federal Medical Station,Riverside,0.0,0,250.0,2020-06-27
WARM Status,Alternative Care Facility,Tulare,0.0,0,71.0,2020-06-27
WrapAround,Skilled Nursing Facility,Tulare,0.0,0,0.0,2020-06-27
WARM Status,Federal Medical Station,San Diego,0.0,0,200.0,2020-06-27
WARM Status,Federal Medical Station,Fresno,0.0,0,175.0,2020-06-27
WARM Status,Federal Medical Station,Los Angeles,0.0,0,175.0,2020-06-27
WARM Status,Federal Medical Station,San Mateo,0.0,0,250.0,2020-06-27
Ready,Hospital,San Mateo,116.0,4,0.0,2020-06-27
WARM Status,Federal Medical Station,San Francisco,0.0,0,0.0,2020-06-27
WARM Status,Arena,Sacramento,0.0,0,276.0,2020-06-27
Ready,Federal Medical Station,Imperial,109.0,16,0.0,2020-06-27
WARM Status,Federal Medical Station,Contra Costa,0.0,0,250.0,2020-06-28
WrapAround,Skilled Nursing Facility,Tulare,0.0,0,0.0,2020-06-28
WARM Status,Federal Medical Station,San Mateo,0.0,0,250.0,2020-06-28
WARM Status,Federal Medical Station,Fresno,0.0,0,175.0,2020-06-28
WARM Status,Federal Medical Station,Riverside,0.0,0,250.0,2020-06-28
WARM Status,Alternative Care Facility,Tulare,0.0,0,71.0,2020-06-28
Ready,Alternative Care Facility,Orange,59.0,1,185.0,2020-06-28
Ready,Hospital,San Mateo,113.0,7,0.0,2020-06-28
Ready,Federal Medical Station,Imperial,113.0,12,0.0,2020-06-28
WARM Status,Federal Medical Station,Los Angeles,0.0,0,175.0,2020-06-28
WARM Status,Federal Medical Station,San Francisco,0.0,0,0.0,2020-06-28
WARM Status,Federal Medical Station,San Diego,0.0,0,200.0,2020-06-28
WARM Status,Arena,Sacramento,0.0,0,276.0,2020-06-28
WARM Status,Federal Medical Station,Fresno,0.0,0,175.0,2020-06-29
Ready,Alternative Care Facility,Orange,50.0,10,185.0,2020-06-29
WARM Status,Federal Medical Station,San Francisco,0.0,0,0.0,2020-06-29
Ready,Federal Medical Station,Imperial,115.0,10,0.0,2020-06-29
WARM Status,Federal Medical Station,Riverside,0.0,0,250.0,2020-06-29
WARM Status,Federal Medical Station,San Mateo,0.0,0,250.0,2020-06-29
WARM Status,Federal Medical Station,Contra Costa,0.0,0,250.0,2020-06-29
Ready,Hospital,San Mateo,109.0,11,0.0,2020-06-29
WARM Status,Alternative Care Facility,Tulare,0.0,0,71.0,2020-06-29
WARM Status,Federal Medical Station,Los Angeles,0.0,0,175.0,2020-06-29
WrapAround,Skilled Nursing Facility,Tulare,0.0,0,0.0,2020-06-29
WARM Status,Arena,Sacramento,0.0,0,276.0,2020-06-29
WARM Status,Federal Medical Station,San Diego,0.0,0,200.0,2020-06-29
Ready,Hospital,San Mateo,106.0,14,0.0,2020-06-30
WARM Status,Federal Medical Station,Contra Costa,0.0,0,250.0,2020-06-30
WrapAround,Skilled Nursing Facility,Tulare,0.0,0,0.0,2020-06-30
WARM Status,Federal Medical Station,San Mateo,0.0,0,250.0,2020-06-30
WARM Status,Federal Medical Station,Riverside,0.0,0,250.0,2020-06-30
WARM Status,Arena,Sacramento,0.0,0,276.0,2020-06-30
WARM Status,Alternative Care Facility,Tulare,0.0,0,71.0,2020-06-30
WARM Status,Federal Medical Station,San Diego,0.0,0,200.0,2020-06-30
Ready,Federal Medical Station,Imperial,113.0,12,0.0,2020-06-30
WARM Status,Federal Medical Station,Fresno,0.0,0,175.0,2020-06-30
WARM Status,Federal Medical Station,Los Angeles,0.0,0,175.0,2020-06-30
WARM Status,Federal Medical Station,San Francisco,0.0,0,0.0,2020-06-30
Ready,Alternative Care Facility,Orange,49.0,11,185.0,2020-06-30
WrapAround,Skilled Nursing Facility,Tulare,0.0,0,0.0,2020-07-01
Ready,Hospital,San Mateo,106.0,14,0.0,2020-07-01
WARM Status,Federal Medical Station,Contra Costa,0.0,0,250.0,2020-07-01
Ready,Alternative Care Facility,Orange,47.0,13,185.0,2020-07-01
WARM Status,Federal Medical Station,San Francisco,0.0,0,0.0,2020-07-01
Ready,Federal Medical Station,Imperial,112.0,13,0.0,2020-07-01
WARM Status,Federal Medical Station,San Diego,0.0,0,200.0,2020-07-01
WARM Status,Federal Medical Station,Fresno,0.0,0,175.0,2020-07-01
WARM Status,Federal Medical Station,Los Angeles,0.0,0,175.0,2020-07-01
WARM Status,Federal Medical Station,San Mateo,0.0,0,250.0,2020-07-01
WARM Status,Alternative Care Facility,Tulare,0.0,0,71.0,2020-07-01
WARM Status,Federal Medical Station,Riverside,0.0,0,250.0,2020-07-01
WARM Status,Arena,Sacramento,0.0,0,276.0,2020-07-01
WARM Status,Federal Medical Station,Contra Costa,0.0,0,250.0,2020-07-02
Ready,Alternative Care Facility,Orange,45.0,15,185.0,2020-07-02
WARM Status,Federal Medical Station,Los Angeles,0.0,0,175.0,2020-07-02
WARM Status,Federal Medical Station,Riverside,0.0,0,250.0,2020-07-02
Ready,Federal Medical Station,Imperial,66.0,14,45.0,2020-07-02
WARM Status,Arena,Sacramento,0.0,0,276.0,2020-07-02
WARM Status,Federal Medical Station,Fresno,0.0,0,175.0,2020-07-02
WARM Status,Federal Medical Station,San Mateo,0.0,0,250.0,2020-07-02
Ready,Alternative Care Facility,Tulare,50.0,0,52.0,2020-07-02
WARM Status,Federal Medical Station,San Diego,0.0,0,200.0,2020-07-02
Ready,Hospital,San Mateo,105.0,15,0.0,2020-07-02
WARM Status,Federal Medical Station,San Francisco,0.0,0,0.0,2020-07-02
WARM Status,Federal Medical Station,San Francisco,0.0,0,0.0,2020-07-03
WARM Status,Arena,Sacramento,0.0,0,276.0,2020-07-03
WARM Status,Federal Medical Station,San Diego,0.0,0,200.0,2020-07-03
WARM Status,Federal Medical Station,Riverside,0.0,0,250.0,2020-07-03
WARM Status,Federal Medical Station,Fresno,0.0,0,175.0,2020-07-03
Ready,Alternative Care Facility,Tulare,50.0,0,123.0,2020-07-03
WARM Status,Federal Medical Station,San Mateo,0.0,0,250.0,2020-07-03
WARM Status,Federal Medical Station,Los Angeles,0.0,0,175.0,2020-07-03
Ready,Hospital,San Mateo,107.0,13,0.0,2020-07-03
WARM Status,Federal Medical Station,Contra Costa,0.0,0,250.0,2020-07-03
Ready,Alternative Care Facility,Orange,45.0,15,185.0,2020-07-03
Ready,Federal Medical Station,Imperial,66.0,14,45.0,2020-07-03
Ready,Alternative Care Facility,Orange,45.0,15,185.0,2020-07-04
WARM Status,Federal Medical Station,San Mateo,0.0,0,250.0,2020-07-04
WARM Status,Federal Medical Station,Riverside,0.0,0,250.0,2020-07-04
WARM Status,Federal Medical Station,San Francisco,0.0,0,0.0,2020-07-04
WARM Status,Arena,Sacramento,0.0,0,276.0,2020-07-04
WARM Status,Federal Medical Station,Contra Costa,0.0,0,250.0,2020-07-04
Ready,Hospital,San Mateo,108.0,12,0.0,2020-07-04
Ready,Alternative Care Facility,Tulare,50.0,0,123.0,2020-07-04
Ready,Federal Medical Station,Imperial,69.0,11,45.0,2020-07-04
WARM Status,Federal Medical Station,San Diego,0.0,0,200.0,2020-07-04
WARM Status,Federal Medical Station,Fresno,0.0,0,175.0,2020-07-04
WARM Status,Federal Medical Station,Los Angeles,0.0,0,175.0,2020-07-04
WARM Status,Federal Medical Station,Fresno,0.0,0,175.0,2020-07-05
Ready,Alternative Care Facility,Tulare,49.0,1,123.0,2020-07-05
WARM Status,Federal Medical Station,Contra Costa,0.0,0,250.0,2020-07-05
Ready,Federal Medical Station,Imperial,69.0,11,45.0,2020-07-05
WARM Status,Federal Medical Station,San Francisco,0.0,0,0.0,2020-07-05
Ready,Hospital,San Mateo,105.0,15,0.0,2020-07-05
Ready,Alternative Care Facility,Orange,44.0,16,185.0,2020-07-05
WARM Status,Federal Medical Station,San Diego,0.0,0,200.0,2020-07-05
WARM Status,Federal Medical Station,Riverside,0.0,0,250.0,2020-07-05
WARM Status,Arena,Sacramento,0.0,0,276.0,2020-07-05
WARM Status,Federal Medical Station,Los Angeles,0.0,0,175.0,2020-07-05
WARM Status,Federal Medical Station,San Mateo,0.0,0,250.0,2020-07-05
WARM Status,Arena,Sacramento,0.0,0,276.0,2020-07-06
WARM Status,Federal Medical Station,San Diego,0.0,0,200.0,2020-07-06
WARM Status,Federal Medical Station,Riverside,0.0,0,250.0,2020-07-06
Ready,Alternative Care Facility,Orange,45.0,15,185.0,2020-07-06
Ready,Federal Medical Station,Imperial,71.0,9,45.0,2020-07-06
Ready,Hospital,San Mateo,101.0,19,0.0,2020-07-06
WARM Status,Federal Medical Station,Contra Costa,0.0,0,250.0,2020-07-06
Ready,Alternative Care Facility,Tulare,47.0,3,123.0,2020-07-06
WARM Status,Federal Medical Station,San Francisco,0.0,0,0.0,2020-07-06
WARM Status,Federal Medical Station,Fresno,0.0,0,175.0,2020-07-06
WARM Status,Federal Medical Station,Los Angeles,0.0,0,175.0,2020-07-06
WARM Status,Federal Medical Station,San Mateo,0.0,0,250.0,2020-07-06
WARM Status,Federal Medical Station,Riverside,0.0,0,250.0,2020-07-07
WARM Status,Federal Medical Station,San Mateo,0.0,0,250.0,2020-07-07
WARM Status,Federal Medical Station,Los Angeles,0.0,0,175.0,2020-07-07
WARM Status,Federal Medical Station,Fresno,0.0,0,175.0,2020-07-07
WARM Status,Federal Medical Station,San Francisco,0.0,0,0.0,2020-07-07
Ready,Alternative Care Facility,Orange,46.0,14,185.0,2020-07-07
Ready,Hospital,San Mateo,97.0,23,0.0,2020-07-07
Ready,Alternative Care Facility,Tulare,45.0,5,123.0,2020-07-07
Ready,Federal Medical Station,Imperial,66.0,14,45.0,2020-07-07
WARM Status,Arena,Sacramento,0.0,0,276.0,2020-07-07
WARM Status,Federal Medical Station,San Diego,0.0,0,200.0,2020-07-07
WARM Status,Federal Medical Station,Contra Costa,0.0,0,250.0,2020-07-07
Ready,Alternative Care Facility,Tulare,41.0,9,123.0,2020-07-08
WARM Status,Federal Medical Station,Los Angeles,0.0,0,175.0,2020-07-08
Ready,Hospital,San Mateo,96.0,24,0.0,2020-07-08
WARM Status,Federal Medical Station,Contra Costa,0.0,0,250.0,2020-07-08
WARM Status,Federal Medical Station,San Mateo,0.0,0,250.0,2020-07-08
Ready,Alternative Care Facility,Orange,42.0,18,185.0,2020-07-08
WARM Status,Federal Medical Station,San Francisco,0.0,0,0.0,2020-07-08
Ready,Federal Medical Station,Imperial,68.0,12,45.0,2020-07-08
WARM Status,Federal Medical Station,San Diego,0.0,0,200.0,2020-07-08
WARM Status,Federal Medical Station,Riverside,0.0,0,250.0,2020-07-08
WARM Status,Arena,Sacramento,0.0,0,276.0,2020-07-08
WARM Status,Federal Medical Station,Fresno,0.0,0,175.0,2020-07-08
Ready,Federal Medical Station,Imperial,68.0,12,45.0,2020-07-09
Ready,Hospital,San Mateo,98.0,22,0.0,2020-07-09
WARM Status,Federal Medical Station,Contra Costa,0.0,0,250.0,2020-07-09
WARM Status,Federal Medical Station,Fresno,0.0,0,175.0,2020-07-09
WARM Status,Federal Medical Station,Los Angeles,0.0,0,175.0,2020-07-09
Ready,Alternative Care Facility,Orange,44.0,16,185.0,2020-07-09
Ready,Alternative Care Facility,Tulare,34.0,16,123.0,2020-07-09
WARM Status,Federal Medical Station,San Francisco,0.0,0,0.0,2020-07-09
WARM Status,Federal Medical Station,San Diego,0.0,0,200.0,2020-07-09
WARM Status,Federal Medical Station,Riverside,0.0,0,250.0,2020-07-09
WARM Status,Arena,Sacramento,0.0,0,276.0,2020-07-09
WARM Status,Federal Medical Station,San Mateo,0.0,0,250.0,2020-07-09
WARM Status,Federal Medical Station,San Diego,0.0,0,200.0,2020-07-10
WARM Status,Federal Medical Station,San Francisco,0.0,0,0.0,2020-07-10
Ready,Alternative Care Facility,Orange,45.0,15,185.0,2020-07-10
WARM Status,Federal Medical Station,San Mateo,0.0,0,250.0,2020-07-10
WARM Status,Federal Medical Station,Fresno,0.0,0,175.0,2020-07-10
WARM Status,Federal Medical Station,Los Angeles,0.0,0,175.0,2020-07-10
WARM Status,Arena,Sacramento,0.0,0,276.0,2020-07-10
Ready,Federal Medical Station,Imperial,64.0,16,45.0,2020-07-10
WARM Status,Federal Medical Station,Riverside,0.0,0,250.0,2020-07-10
Ready,Hospital,San Mateo,98.0,22,0.0,2020-07-10
WARM Status,Federal Medical Station,Contra Costa,0.0,0,250.0,2020-07-10
Ready,Alternative Care Facility,Tulare,34.0,16,123.0,2020-07-10
